family,ckpt,rollout,D_over_B
real,runs\mdn_pilot\best.pt,0,0.061856
real,runs\mdn_pilot\best.pt,1,0.120690
real,runs\mdn_pilot\best.pt,2,0.164557
real,runs\mdn_pilot\best.pt,3,0.095238
real,runs\mdn_pilot\best.pt,4,0.166667
real,runs\mdn_pilot\best.pt,5,0.129630
real,runs\mdn_pilot\best.pt,6,0.007042
real,runs\mdn_pilot\best.pt,7,0.119048
real,runs\mdn_pilot\best.pt,8,0.032787
real,runs\mdn_pilot\best.pt,9,0.117647
real,runs\mdn_pilot\best.pt,10,0.185185
real,runs\mdn_pilot\best.pt,11,0.080645
real,runs\mdn_pilot\best.pt,12,0.126316
real,runs\mdn_pilot\best.pt,13,0.191176
real,runs\mdn_pilot\best.pt,14,0.114754
real,runs\mdn_pilot\best.pt,15,0.131579
real,runs\mdn_pilot\best.pt,16,0.004897
real,runs\mdn_pilot\best.pt,17,0.119403
real,runs\mdn_pilot\best.pt,18,0.128571
real,runs\mdn_pilot\best.pt,19,0.140187
real,runs\mdn_pilot_s1\best.pt,0,0.095238
real,runs\mdn_pilot_s1\best.pt,1,0.176471
real,runs\mdn_pilot_s1\best.pt,2,0.188034
real,runs\mdn_pilot_s1\best.pt,3,0.144928
real,runs\mdn_pilot_s1\best.pt,4,0.194690
real,runs\mdn_pilot_s1\best.pt,5,0.166667
real,runs\mdn_pilot_s1\best.pt,6,0.041237
real,runs\mdn_pilot_s1\best.pt,7,0.127820
real,runs\mdn_pilot_s1\best.pt,8,0.007812
real,runs\mdn_pilot_s1\best.pt,9,0.135484
real,runs\mdn_pilot_s1\best.pt,10,0.193548
real,runs\mdn_pilot_s1\best.pt,11,0.062893
real,runs\mdn_pilot_s1\best.pt,12,0.185484
real,runs\mdn_pilot_s1\best.pt,13,0.206897
real,runs\mdn_pilot_s1\best.pt,14,0.160377
real,runs\mdn_pilot_s1\best.pt,15,0.141593
real,runs\mdn_pilot_s1\best.pt,16,0.077922
real,runs\mdn_pilot_s1\best.pt,17,0.169643
real,runs\mdn_pilot_s1\best.pt,18,0.134021
real,runs\mdn_pilot_s1\best.pt,19,0.170543
real,runs\mdn_pilot_s2\best.pt,0,0.078431
real,runs\mdn_pilot_s2\best.pt,1,0.211765
real,runs\mdn_pilot_s2\best.pt,2,0.148936
real,runs\mdn_pilot_s2\best.pt,3,0.166667
real,runs\mdn_pilot_s2\best.pt,4,0.157895
real,runs\mdn_pilot_s2\best.pt,5,0.154639
real,runs\mdn_pilot_s2\best.pt,6,0.006894
real,runs\mdn_pilot_s2\best.pt,7,0.128205
real,runs\mdn_pilot_s2\best.pt,8,0.035714
real,runs\mdn_pilot_s2\best.pt,9,0.169492
real,runs\mdn_pilot_s2\best.pt,10,0.187500
real,runs\mdn_pilot_s2\best.pt,11,0.010638
real,runs\mdn_pilot_s2\best.pt,12,0.149123
real,runs\mdn_pilot_s2\best.pt,13,0.179487
real,runs\mdn_pilot_s2\best.pt,14,0.197802
real,runs\mdn_pilot_s2\best.pt,15,0.131579
real,runs\mdn_pilot_s2\best.pt,16,0.006505
real,runs\mdn_pilot_s2\best.pt,17,0.142857
real,runs\mdn_pilot_s2\best.pt,18,0.153846
real,runs\mdn_pilot_s2\best.pt,19,0.173913
real,runs\mdn_pilot_s3\best.pt,0,0.081081
real,runs\mdn_pilot_s3\best.pt,1,0.081081
real,runs\mdn_pilot_s3\best.pt,2,0.122302
real,runs\mdn_pilot_s3\best.pt,3,0.153846
real,runs\mdn_pilot_s3\best.pt,4,0.132867
real,runs\mdn_pilot_s3\best.pt,5,0.139073
real,runs\mdn_pilot_s3\best.pt,6,0.035857
real,runs\mdn_pilot_s3\best.pt,7,0.097015
real,runs\mdn_pilot_s3\best.pt,8,0.038462
real,runs\mdn_pilot_s3\best.pt,9,0.156250
real,runs\mdn_pilot_s3\best.pt,10,0.150000
real,runs\mdn_pilot_s3\best.pt,11,0.009915
real,runs\mdn_pilot_s3\best.pt,12,0.121212
real,runs\mdn_pilot_s3\best.pt,13,0.146154
real,runs\mdn_pilot_s3\best.pt,14,0.107527
real,runs\mdn_pilot_s3\best.pt,15,0.131579
real,runs\mdn_pilot_s3\best.pt,16,0.022727
real,runs\mdn_pilot_s3\best.pt,17,0.112150
real,runs\mdn_pilot_s3\best.pt,18,0.152542
real,runs\mdn_pilot_s3\best.pt,19,0.164062
real,runs\mdn_pilot_s4\best.pt,0,0.112676
real,runs\mdn_pilot_s4\best.pt,1,0.211538
real,runs\mdn_pilot_s4\best.pt,2,0.190083
real,runs\mdn_pilot_s4\best.pt,3,0.207547
real,runs\mdn_pilot_s4\best.pt,4,0.160000
real,runs\mdn_pilot_s4\best.pt,5,0.184783
real,runs\mdn_pilot_s4\best.pt,6,0.017199
real,runs\mdn_pilot_s4\best.pt,7,0.034768
real,runs\mdn_pilot_s4\best.pt,8,0.006263
real,runs\mdn_pilot_s4\best.pt,9,0.168539
real,runs\mdn_pilot_s4\best.pt,10,0.197531
real,runs\mdn_pilot_s4\best.pt,11,0.070270
real,runs\mdn_pilot_s4\best.pt,12,0.158940
real,runs\mdn_pilot_s4\best.pt,13,0.170000
real,runs\mdn_pilot_s4\best.pt,14,0.195652
real,runs\mdn_pilot_s4\best.pt,15,0.164557
real,runs\mdn_pilot_s4\best.pt,16,0.067961
real,runs\mdn_pilot_s4\best.pt,17,0.157143
real,runs\mdn_pilot_s4\best.pt,18,0.250000
real,runs\mdn_pilot_s4\best.pt,19,0.224299
shuf,runs\mdn_pilot_shuf\best.pt,0,0.153846
shuf,runs\mdn_pilot_shuf\best.pt,1,0.166667
shuf,runs\mdn_pilot_shuf\best.pt,2,0.200000
shuf,runs\mdn_pilot_shuf\best.pt,3,0.153846
shuf,runs\mdn_pilot_shuf\best.pt,4,0.230769
shuf,runs\mdn_pilot_shuf\best.pt,5,0.173913
shuf,runs\mdn_pilot_shuf\best.pt,6,0.045455
shuf,runs\mdn_pilot_shuf\best.pt,7,0.187500
shuf,runs\mdn_pilot_shuf\best.pt,8,0.000000
shuf,runs\mdn_pilot_shuf\best.pt,9,0.200000
shuf,runs\mdn_pilot_shuf\best.pt,10,0.176471
shuf,runs\mdn_pilot_shuf\best.pt,11,0.055556
shuf,runs\mdn_pilot_shuf\best.pt,12,0.200000
shuf,runs\mdn_pilot_shuf\best.pt,13,0.166667
shuf,runs\mdn_pilot_shuf\best.pt,14,0.142857
shuf,runs\mdn_pilot_shuf\best.pt,15,0.200000
shuf,runs\mdn_pilot_shuf\best.pt,16,0.043478
shuf,runs\mdn_pilot_shuf\best.pt,17,0.230769
shuf,runs\mdn_pilot_shuf\best.pt,18,0.192308
shuf,runs\mdn_pilot_shuf\best.pt,19,0.200000
shuf,runs\mdn_pilot_shuf_s1\best.pt,0,0.090909
shuf,runs\mdn_pilot_shuf_s1\best.pt,1,0.222222
shuf,runs\mdn_pilot_shuf_s1\best.pt,2,0.250000
shuf,runs\mdn_pilot_shuf_s1\best.pt,3,0.076923
shuf,runs\mdn_pilot_shuf_s1\best.pt,4,0.250000
shuf,runs\mdn_pilot_shuf_s1\best.pt,5,0.181818
shuf,runs\mdn_pilot_shuf_s1\best.pt,6,0.055556
shuf,runs\mdn_pilot_shuf_s1\best.pt,7,0.166667
shuf,runs\mdn_pilot_shuf_s1\best.pt,8,0.055556
shuf,runs\mdn_pilot_shuf_s1\best.pt,9,0.250000
shuf,runs\mdn_pilot_shuf_s1\best.pt,10,0.250000
shuf,runs\mdn_pilot_shuf_s1\best.pt,11,0.040000
shuf,runs\mdn_pilot_shuf_s1\best.pt,12,0.181818
shuf,runs\mdn_pilot_shuf_s1\best.pt,13,0.222222
shuf,runs\mdn_pilot_shuf_s1\best.pt,14,0.117647
shuf,runs\mdn_pilot_shuf_s1\best.pt,15,0.250000
shuf,runs\mdn_pilot_shuf_s1\best.pt,16,0.045455
shuf,runs\mdn_pilot_shuf_s1\best.pt,17,0.214286
shuf,runs\mdn_pilot_shuf_s1\best.pt,18,0.230769
shuf,runs\mdn_pilot_shuf_s1\best.pt,19,0.181818
shuf,runs\mdn_pilot_shuf_s2\best.pt,0,0.125000
shuf,runs\mdn_pilot_shuf_s2\best.pt,1,0.300000
shuf,runs\mdn_pilot_shuf_s2\best.pt,2,0.210526
shuf,runs\mdn_pilot_shuf_s2\best.pt,3,0.214286
shuf,runs\mdn_pilot_shuf_s2\best.pt,4,0.250000
shuf,runs\mdn_pilot_shuf_s2\best.pt,5,0.250000
shuf,runs\mdn_pilot_shuf_s2\best.pt,6,0.027027
shuf,runs\mdn_pilot_shuf_s2\best.pt,7,0.250000
shuf,runs\mdn_pilot_shuf_s2\best.pt,8,0.058824
shuf,runs\mdn_pilot_shuf_s2\best.pt,9,0.214286
shuf,runs\mdn_pilot_shuf_s2\best.pt,10,0.333333
shuf,runs\mdn_pilot_shuf_s2\best.pt,11,0.041667
shuf,runs\mdn_pilot_shuf_s2\best.pt,12,0.272727
shuf,runs\mdn_pilot_shuf_s2\best.pt,13,0.285714
shuf,runs\mdn_pilot_shuf_s2\best.pt,14,0.222222
shuf,runs\mdn_pilot_shuf_s2\best.pt,15,0.166667
shuf,runs\mdn_pilot_shuf_s2\best.pt,16,0.071429
shuf,runs\mdn_pilot_shuf_s2\best.pt,17,0.187500
shuf,runs\mdn_pilot_shuf_s2\best.pt,18,0.176471
shuf,runs\mdn_pilot_shuf_s2\best.pt,19,0.214286
shuf,runs\mdn_pilot_shuf_s3\best.pt,0,0.083333
shuf,runs\mdn_pilot_shuf_s3\best.pt,1,0.142857
shuf,runs\mdn_pilot_shuf_s3\best.pt,2,0.250000
shuf,runs\mdn_pilot_shuf_s3\best.pt,3,0.125000
shuf,runs\mdn_pilot_shuf_s3\best.pt,4,0.250000
shuf,runs\mdn_pilot_shuf_s3\best.pt,5,0.142857
shuf,runs\mdn_pilot_shuf_s3\best.pt,6,0.000000
shuf,runs\mdn_pilot_shuf_s3\best.pt,7,0.153846
shuf,runs\mdn_pilot_shuf_s3\best.pt,8,0.062500
shuf,runs\mdn_pilot_shuf_s3\best.pt,9,0.272727
shuf,runs\mdn_pilot_shuf_s3\best.pt,10,0.250000
shuf,runs\mdn_pilot_shuf_s3\best.pt,11,0.052632
shuf,runs\mdn_pilot_shuf_s3\best.pt,12,0.200000
shuf,runs\mdn_pilot_shuf_s3\best.pt,13,0.250000
shuf,runs\mdn_pilot_shuf_s3\best.pt,14,0.222222
shuf,runs\mdn_pilot_shuf_s3\best.pt,15,0.176471
shuf,runs\mdn_pilot_shuf_s3\best.pt,16,0.066667
shuf,runs\mdn_pilot_shuf_s3\best.pt,17,0.200000
shuf,runs\mdn_pilot_shuf_s3\best.pt,18,0.214286
shuf,runs\mdn_pilot_shuf_s3\best.pt,19,0.142857
