row,ckpt,args_latents,probe_dir,override,reason,NR,x_definition
shuf,runs\mdn_pilot_shuf\best.pt,data\pilot_latents_shuf,data\pilot_latents_shuf,0,,20,"NLL(lam=0)-NLL(lam=1), seed-0 ckpt, --split val --seed 0"
p25,runs\mdn_pilot_p25\best.pt,data\pilot_latents_p25,data\pilot_latents_p25,0,,20,"NLL(lam=0)-NLL(lam=1), seed-0 ckpt, --split val --seed 0"
p50,runs\mdn_pilot_p50\best.pt,data\pilot_latents_p50,data\pilot_latents_p50,0,,20,"NLL(lam=0)-NLL(lam=1), seed-0 ckpt, --split val --seed 0"
p75,runs\mdn_pilot_p75\best.pt,data\pilot_latents_p75,data\pilot_latents_p75,0,,20,"NLL(lam=0)-NLL(lam=1), seed-0 ckpt, --split val --seed 0"
real,runs\mdn_pilot\best.pt,data\pilot_latents,data\pilot_latents,0,,20,"NLL(lam=0)-NLL(lam=1), seed-0 ckpt, --split val --seed 0"
real-struct,runs\mdn_pilot_noact\best.pt,data\pilot_latents_noact,data\pilot_latents,1,own dir actions ALL ZERO -> A=D=0 degenerate; family base used so the channel is exercised,20,"NLL(lam=0)-NLL(lam=1), seed-0 ckpt, --split val --seed 0"
s3p10,runs\mdn_pilot_synth3p10\best.pt,data\pilot_latents_synth3p10,data\pilot_latents_synth3p10,0,,20,"NLL(lam=0)-NLL(lam=1), seed-0 ckpt, --split val --seed 0"
s3p15,runs\mdn_pilot_synth3p15\best.pt,data\pilot_latents_synth3p15,data\pilot_latents_synth3p15,0,,20,"NLL(lam=0)-NLL(lam=1), seed-0 ckpt, --split val --seed 0"
s3p20,runs\mdn_pilot_synth3p20\best.pt,data\pilot_latents_synth3p20,data\pilot_latents_synth3p20,0,,20,"NLL(lam=0)-NLL(lam=1), seed-0 ckpt, --split val --seed 0"
s3p25,runs\mdn_pilot_synth3p25\best.pt,data\pilot_latents_synth3p25,data\pilot_latents_synth3p25,0,,20,"NLL(lam=0)-NLL(lam=1), seed-0 ckpt, --split val --seed 0"
s3p50,runs\mdn_pilot_synth3p50\best.pt,data\pilot_latents_synth3p50,data\pilot_latents_synth3p50,0,,20,"NLL(lam=0)-NLL(lam=1), seed-0 ckpt, --split val --seed 0"
s3p75,runs\mdn_pilot_synth3p75\best.pt,data\pilot_latents_synth3p75,data\pilot_latents_synth3p75,0,,20,"NLL(lam=0)-NLL(lam=1), seed-0 ckpt, --split val --seed 0"
s3p90,runs\mdn_pilot_synth3p90\best.pt,data\pilot_latents_synth3p90,data\pilot_latents_synth3p90,0,,20,"NLL(lam=0)-NLL(lam=1), seed-0 ckpt, --split val --seed 0"
PC2,runs\mdn_pilot_pc2\best.pt,data\pilot_latents_synth3,data\pilot_latents_synth3,0,,20,"NLL(lam=0)-NLL(lam=1), seed-0 ckpt, --split val --seed 0"
synth3-struct,runs\mdn_pilot_synth3noact\best.pt,data\pilot_latents_synth3noact,data\pilot_latents_synth3,1,own dir actions ALL ZERO -> A=D=0 degenerate; family base used so the channel is exercised,20,"NLL(lam=0)-NLL(lam=1), seed-0 ckpt, --split val --seed 0"
