kind,row,tau,drive_frac,x_new,DB_mean,DB_se
dose,s3p10,1.0,0.1,0.685000,0.142133,0.007201
dose,s3p15,1.0,0.15,2.161000,0.145003,0.010504
dose,s3p20,1.0,0.2,2.435000,0.184936,0.009912
dose,s3p25,1.0,0.25,6.813000,0.270098,0.018495
dose,s3p50,1.0,0.5,13.993000,0.464836,0.028735
dose,s3p75,1.0,0.75,22.053000,0.667618,0.044041
dose,s3p90,1.0,0.9,26.837000,1.059601,0.067951
real-family,shuf,1.0,,0.019000,0.023117,0.002491
real-family,p25,1.0,,-0.045000,0.015406,0.001272
real-family,p50,1.0,,-0.131000,0.024856,0.001602
real-family,p75,1.0,,0.163000,0.081848,0.008541
real-family,real,1.0,,0.910000,0.089631,0.008373
