row,ro,x,DoverB,D_det,B_noise,n_src,source,era
shuf,0,0.547,0.016932,0.33,19.49,1,tmp_t3_shuf_0.txt,frozen
shuf,1,0.547,0.021605,0.28,12.96,1,tmp_probe_shuf_best.pt.txt,frozen
shuf,2,0.547,0.032714,0.37,11.31,1,tmp_roll_shuf_2.txt,frozen
shuf,3,0.547,0.018671,0.25,13.39,1,tmp_roll_shuf_3.txt,frozen
shuf,4,0.547,0.028382,0.30,10.57,1,tmp_roll_shuf_4.txt,frozen
shuf,5,0.547,0.036348,0.43,11.83,1,tmp_frozen_shuf_5.txt,frozen
shuf,6,0.547,0.003122,0.21,67.26,1,tmp_frozen_shuf_6.txt,frozen
shuf,7,0.547,0.027318,0.33,12.08,1,tmp_frozen_shuf_7.txt,frozen
shuf,8,0.547,0.002374,0.17,71.61,1,tmp_frozen_shuf_8.txt,frozen
shuf,9,0.547,0.018765,0.24,12.79,1,tmp_frozen_shuf_9.txt,frozen
shuf,10,0.547,0.029245,0.31,10.60,1,tmp_frozen_shuf_10.txt,frozen
shuf,11,0.547,0.011605,0.36,31.02,1,tmp_frozen_shuf_11.txt,frozen
shuf,12,0.547,0.023539,0.29,12.32,1,tmp_frozen_shuf_12.txt,frozen
shuf,13,0.547,0.034039,0.37,10.87,1,tmp_frozen_shuf_13.txt,frozen
shuf,14,0.547,0.022762,0.30,13.18,1,tmp_frozen_shuf_14.txt,frozen
shuf,15,0.547,0.027367,0.37,13.52,1,tmp_frozen_shuf_15.txt,frozen
shuf,16,0.547,0.006750,0.29,42.96,1,tmp_frozen_shuf_16.txt,frozen
shuf,17,0.547,0.027441,0.34,12.39,1,tmp_frozen_shuf_17.txt,frozen
shuf,18,0.547,0.046010,0.64,13.91,1,tmp_frozen_shuf_18.txt,frozen
shuf,19,0.547,0.027344,0.35,12.80,1,tmp_frozen_shuf_19.txt,frozen
p25,0,0.489,0.009446,0.43,45.52,1,tmp_t3_p25_0.txt,frozen
p25,1,0.489,0.013034,0.25,19.18,1,tmp_probe_p25_best.pt.txt,frozen
p25,2,0.489,0.021603,0.31,14.35,1,tmp_roll_p25_2.txt,frozen
p25,3,0.489,0.014762,0.31,21.00,1,tmp_roll_p25_3.txt,frozen
p25,4,0.489,0.022364,0.28,12.52,1,tmp_roll_p25_4.txt,frozen
p25,5,0.489,0.021388,0.41,19.17,1,tmp_frozen_p25_5.txt,frozen
p25,6,0.489,0.003713,0.29,78.11,1,tmp_frozen_p25_6.txt,frozen
p25,7,0.489,0.019038,0.36,18.91,1,tmp_frozen_p25_7.txt,frozen
p25,8,0.489,0.006979,0.35,50.15,1,tmp_frozen_p25_8.txt,frozen
p25,9,0.489,0.014778,0.21,14.21,1,tmp_frozen_p25_9.txt,frozen
p25,10,0.489,0.017765,0.24,13.51,1,tmp_frozen_p25_10.txt,frozen
p25,11,0.489,0.015156,0.47,31.01,1,tmp_frozen_p25_11.txt,frozen
p25,12,0.489,0.021779,0.36,16.53,1,tmp_frozen_p25_12.txt,frozen
p25,13,0.489,0.018906,0.28,14.81,1,tmp_frozen_p25_13.txt,frozen
p25,14,0.489,0.013195,0.28,21.22,1,tmp_frozen_p25_14.txt,frozen
p25,15,0.489,0.019335,0.43,22.24,1,tmp_frozen_p25_15.txt,frozen
p25,16,0.489,0.007060,0.28,39.66,1,tmp_frozen_p25_16.txt,frozen
p25,17,0.489,0.011817,0.24,20.31,1,tmp_frozen_p25_17.txt,frozen
p25,18,0.489,0.012796,0.33,25.79,1,tmp_frozen_p25_18.txt,frozen
p25,19,0.489,0.023215,0.40,17.23,1,tmp_frozen_p25_19.txt,frozen
p50,0,0.361,0.013385,0.52,38.85,1,tmp_t3_p50_0.txt,frozen
p50,1,0.361,0.027691,0.53,19.14,1,tmp_probe_p50_best.pt.txt,frozen
p50,2,0.361,0.037383,0.60,16.05,1,tmp_roll_p50_2.txt,frozen
p50,3,0.361,0.025641,0.52,20.28,1,tmp_roll_p50_3.txt,frozen
p50,4,0.361,0.032653,0.40,12.25,1,tmp_roll_p50_4.txt,frozen
p50,5,0.361,0.027947,0.55,19.68,1,tmp_frozen_p50_5.txt,frozen
p50,6,0.361,0.010821,0.70,64.69,1,tmp_frozen_p50_6.txt,frozen
p50,7,0.361,0.023701,0.47,19.83,1,tmp_frozen_p50_7.txt,frozen
p50,8,0.361,0.013973,0.76,54.39,1,tmp_frozen_p50_8.txt,frozen
p50,9,0.361,0.027388,0.41,14.97,1,tmp_frozen_p50_9.txt,frozen
p50,10,0.361,0.026435,0.35,13.24,1,tmp_frozen_p50_10.txt,frozen
p50,11,0.361,0.021918,1.09,49.73,1,tmp_frozen_p50_11.txt,frozen
p50,12,0.361,0.027245,0.54,19.82,1,tmp_frozen_p50_12.txt,frozen
p50,13,0.361,0.038893,0.52,13.37,1,tmp_frozen_p50_13.txt,frozen
p50,14,0.361,0.026079,0.55,21.09,1,tmp_frozen_p50_14.txt,frozen
p50,15,0.361,0.022628,0.52,22.98,1,tmp_frozen_p50_15.txt,frozen
p50,16,0.361,0.020631,0.87,42.17,1,tmp_frozen_p50_16.txt,frozen
p50,17,0.361,0.018955,0.41,21.63,1,tmp_frozen_p50_17.txt,frozen
p50,18,0.361,0.025535,0.62,24.28,1,tmp_frozen_p50_18.txt,frozen
p50,19,0.361,0.028210,0.58,20.56,1,tmp_frozen_p50_19.txt,frozen
p75,0,1.153,0.074781,0.94,12.57,1,tmp_t3_realp75_0.txt,frozen
p75,1,1.153,0.075983,0.87,11.45,1,tmp_roll_p75_1.txt,frozen
p75,2,1.153,0.109226,1.03,9.43,1,tmp_roll_p75_2.txt,frozen
p75,3,1.153,0.056143,0.69,12.29,1,tmp_roll_p75_3.txt,frozen
p75,4,1.153,0.119318,1.05,8.80,1,tmp_roll_p75_4.txt,frozen
p75,5,1.153,0.138026,1.51,10.94,1,tmp_t3_realp75_5.txt,frozen
p75,6,1.153,0.009159,0.70,76.43,1,tmp_t3_realp75_6.txt,frozen
p75,7,1.153,0.107517,1.13,10.51,1,tmp_t3_realp75_7.txt,frozen
p75,8,1.153,0.007200,0.56,77.78,1,tmp_t3_realp75_8.txt,frozen
p75,9,1.153,0.082636,0.79,9.56,1,tmp_t3_realp75_9.txt,frozen
p75,10,1.153,0.095699,0.89,9.30,1,tmp_t3_realp75_10.txt,frozen
p75,11,1.153,0.049165,1.62,32.95,1,tmp_t3_realp75_11.txt,frozen
p75,12,1.153,0.116908,1.21,10.35,1,tmp_t3_realp75_12.txt,frozen
p75,13,1.153,0.107327,1.04,9.69,1,tmp_t3_realp75_13.txt,frozen
p75,14,1.153,0.082713,1.00,12.09,1,tmp_t3_realp75_14.txt,frozen
p75,15,1.153,0.109962,1.17,10.64,1,tmp_t3_realp75_15.txt,frozen
p75,16,1.153,0.010641,0.95,89.28,1,tmp_t3_realp75_16.txt,frozen
p75,17,1.153,0.074171,0.85,11.46,1,tmp_t3_realp75_17.txt,frozen
p75,18,1.153,0.105121,1.17,11.13,1,tmp_t3_realp75_18.txt,frozen
p75,19,1.153,0.105263,1.12,10.64,1,tmp_t3_realp75_19.txt,frozen
real,0,1.475,0.060163,1.48,24.60,2,tmp_cfgcheck.txt,early
real,1,1.475,0.069002,1.32,19.13,1,tmp_t3_real_1.txt,frozen
real,2,1.475,0.126013,1.40,11.11,1,tmp_t3_real_2.txt,frozen
real,3,1.475,0.040678,0.96,23.60,1,tmp_t3_real_3.txt,frozen
real,4,1.475,0.122863,1.15,9.36,1,tmp_t3_real_4.txt,frozen
real,5,1.475,0.140534,2.16,15.37,1,tmp_frozen_real_5.txt,frozen
real,6,1.475,0.037164,2.50,67.27,1,tmp_frozen_real_6.txt,frozen
real,7,1.475,0.102964,1.32,12.82,1,tmp_frozen_real_7.txt,frozen
real,8,1.475,0.014388,0.96,66.72,1,tmp_frozen_real_8.txt,frozen
real,9,1.475,0.096485,1.40,14.51,1,tmp_frozen_real_9.txt,frozen
real,10,1.475,0.103277,1.04,10.07,1,tmp_frozen_real_10.txt,frozen
real,11,1.475,0.093427,1.99,21.30,1,tmp_frozen_real_11.txt,frozen
real,12,1.475,0.119970,1.58,13.17,1,tmp_frozen_real_12.txt,frozen
real,13,1.475,0.127854,1.40,10.95,1,tmp_frozen_real_13.txt,frozen
real,14,1.475,0.068320,1.35,19.76,1,tmp_frozen_real_14.txt,frozen
real,15,1.475,0.098464,1.41,14.32,1,tmp_frozen_real_15.txt,frozen
real,16,1.475,0.044104,3.25,73.69,1,tmp_frozen_real_16.txt,frozen
real,17,1.475,0.082021,1.25,15.24,1,tmp_frozen_real_17.txt,frozen
real,18,1.475,0.091749,1.39,15.15,1,tmp_frozen_real_18.txt,frozen
real,19,1.475,0.153191,2.16,14.10,1,tmp_frozen_real_19.txt,frozen
real-struct,0,-,0.092572,3.29,35.54,1,tmp_chk_R0fam.txt,frozen
real-struct,1,-,0.192149,3.72,19.36,2,tmp_chk_R1fam.txt,frozen
real-struct,2,-,0.251067,3.53,14.06,1,tmp_roll_noact_2.txt,frozen
real-struct,3,-,0.163417,2.85,17.44,1,tmp_roll_noact_3.txt,frozen
real-struct,4,-,0.219512,2.79,12.71,2,tmp_roll_noact_4.txt,frozen
real-struct,5,-,0.230469,4.13,17.92,2,tmp_frozen_structR_5.txt,frozen
real-struct,6,-,0.054248,3.02,55.67,1,tmp_frozen_structR_6.txt,frozen
real-struct,7,-,0.149555,2.52,16.85,1,tmp_frozen_structR_7.txt,frozen
real-struct,8,-,0.047366,2.58,54.47,1,tmp_frozen_structR_8.txt,frozen
real-struct,9,-,0.161044,2.53,15.71,1,tmp_frozen_structR_9.txt,frozen
real-struct,10,-,0.222490,2.77,12.45,1,tmp_frozen_structR_10.txt,frozen
real-struct,11,-,0.052434,3.21,61.22,1,tmp_frozen_structR_11.txt,frozen
real-struct,12,-,0.151149,2.63,17.40,1,tmp_frozen_structR_12.txt,frozen
real-struct,13,-,0.256624,3.39,13.21,1,tmp_frozen_structR_13.txt,frozen
real-struct,14,-,0.166760,2.97,17.81,1,tmp_frozen_structR_14.txt,frozen
real-struct,15,-,0.138022,3.14,22.75,1,tmp_frozen_structR_15.txt,frozen
real-struct,16,-,0.077709,3.12,40.15,1,tmp_frozen_structR_16.txt,frozen
real-struct,17,-,0.147401,2.41,16.35,1,tmp_frozen_structR_17.txt,frozen
real-struct,18,-,0.172325,4.01,23.27,1,tmp_frozen_structR_18.txt,frozen
real-struct,19,-,0.183541,3.68,20.05,2,tmp_frozen_structR_19.txt,frozen
s3p10,0,0.042,0.144167,1.73,12.00,1,tmp_t3_s3p10_0.txt,frozen
s3p10,1,0.042,0.108452,1.45,13.37,1,tmp_roll_s3p10_1.txt,frozen
s3p10,2,0.042,0.170599,1.88,11.02,1,tmp_roll_s3p10_2.txt,frozen
s3p10,3,0.042,0.119888,1.29,10.76,1,tmp_roll_s3p10_3.txt,frozen
s3p10,4,0.042,0.128356,1.53,11.92,1,tmp_roll_s3p10_4.txt,frozen
s3p10,5,0.042,0.196863,2.51,12.75,1,tmp_frozen_s3p10_5.txt,frozen
s3p10,6,0.042,0.173621,2.33,13.42,1,tmp_frozen_s3p10_6.txt,frozen
s3p10,7,0.042,0.136816,1.65,12.06,1,tmp_frozen_s3p10_7.txt,frozen
s3p10,8,0.042,0.136076,1.29,9.48,1,tmp_frozen_s3p10_8.txt,frozen
s3p10,9,0.042,0.122540,1.37,11.18,1,tmp_frozen_s3p10_9.txt,frozen
s3p10,10,0.042,0.129162,1.28,9.91,1,tmp_frozen_s3p10_10.txt,frozen
s3p10,11,0.042,0.147770,1.59,10.76,1,tmp_frozen_s3p10_11.txt,frozen
s3p10,12,0.042,0.107468,1.18,10.98,1,tmp_frozen_s3p10_12.txt,frozen
s3p10,13,0.042,0.222868,2.30,10.32,1,tmp_frozen_s3p10_13.txt,frozen
s3p10,14,0.042,0.117194,1.52,12.97,1,tmp_frozen_s3p10_14.txt,frozen
s3p10,15,0.042,0.130066,1.38,10.61,1,tmp_frozen_s3p10_15.txt,frozen
s3p10,16,0.042,0.099925,1.34,13.41,1,tmp_frozen_s3p10_16.txt,frozen
s3p10,17,0.042,0.180667,1.57,8.69,1,tmp_frozen_s3p10_17.txt,frozen
s3p10,18,0.042,0.118007,1.35,11.44,1,tmp_frozen_s3p10_18.txt,frozen
s3p10,19,0.042,0.152157,1.94,12.75,1,tmp_frozen_s3p10_19.txt,frozen
s3p15,0,0.52,0.225564,2.70,11.97,1,tmp_t3_s3p15_0.txt,frozen
s3p15,1,0.52,0.081101,1.09,13.44,1,tmp_probe_s3p15_best.pt.txt,frozen
s3p15,2,0.52,0.120548,1.32,10.95,1,tmp_roll_s3p15_2.txt,frozen
s3p15,3,0.52,0.127014,1.34,10.55,1,tmp_roll_s3p15_3.txt,frozen
s3p15,4,0.52,0.127203,1.66,13.05,1,tmp_roll_s3p15_4.txt,frozen
s3p15,5,0.52,0.191542,2.31,12.06,1,tmp_frozen_s3p15_5.txt,frozen
s3p15,6,0.52,0.166302,2.28,13.71,1,tmp_frozen_s3p15_6.txt,frozen
s3p15,7,0.52,0.126957,1.46,11.50,1,tmp_frozen_s3p15_7.txt,frozen
s3p15,8,0.52,0.171040,1.76,10.29,1,tmp_frozen_s3p15_8.txt,frozen
s3p15,9,0.52,0.120242,1.39,11.56,1,tmp_frozen_s3p15_9.txt,frozen
s3p15,10,0.52,0.120000,1.26,10.50,1,tmp_frozen_s3p15_10.txt,frozen
s3p15,11,0.52,0.103416,1.12,10.83,1,tmp_frozen_s3p15_11.txt,frozen
s3p15,12,0.52,0.168014,1.87,11.13,1,tmp_frozen_s3p15_12.txt,frozen
s3p15,13,0.52,0.283525,2.96,10.44,1,tmp_frozen_s3p15_13.txt,frozen
s3p15,14,0.52,0.106775,1.45,13.58,1,tmp_frozen_s3p15_14.txt,frozen
s3p15,15,0.52,0.130579,1.58,12.10,1,tmp_frozen_s3p15_15.txt,frozen
s3p15,16,0.52,0.120888,1.58,13.07,1,tmp_frozen_s3p15_16.txt,frozen
s3p15,17,0.52,0.143006,1.37,9.58,1,tmp_frozen_s3p15_17.txt,frozen
s3p15,18,0.52,0.107969,1.26,11.67,1,tmp_frozen_s3p15_18.txt,frozen
s3p15,19,0.52,0.158378,2.07,13.07,1,tmp_frozen_s3p15_19.txt,frozen
s3p20,0,-0.18,0.169256,2.07,12.23,1,tmp_t3_s3p20_0.txt,frozen
s3p20,1,-0.18,0.121395,1.81,14.91,1,tmp_probe_s3p20_best.pt.txt,frozen
s3p20,2,-0.18,0.146725,1.68,11.45,1,tmp_roll_s3p20_2.txt,frozen
s3p20,3,-0.18,0.162857,1.71,10.50,1,tmp_roll_s3p20_3.txt,frozen
s3p20,4,-0.18,0.199855,2.76,13.81,1,tmp_roll_s3p20_4.txt,frozen
s3p20,5,-0.18,0.247678,3.20,12.92,1,tmp_frozen_s3p20_5.txt,frozen
s3p20,6,-0.18,0.197135,2.89,14.66,1,tmp_frozen_s3p20_6.txt,frozen
s3p20,7,-0.18,0.229482,2.88,12.55,1,tmp_frozen_s3p20_7.txt,frozen
s3p20,8,-0.18,0.187898,1.77,9.42,1,tmp_frozen_s3p20_8.txt,frozen
s3p20,9,-0.18,0.131597,1.87,14.21,1,tmp_frozen_s3p20_9.txt,frozen
s3p20,10,-0.18,0.191972,2.20,11.46,1,tmp_frozen_s3p20_10.txt,frozen
s3p20,11,-0.18,0.155263,1.77,11.40,1,tmp_frozen_s3p20_11.txt,frozen
s3p20,12,-0.18,0.139006,1.65,11.87,1,tmp_frozen_s3p20_12.txt,frozen
s3p20,13,-0.18,0.259141,3.26,12.58,1,tmp_frozen_s3p20_13.txt,frozen
s3p20,14,-0.18,0.140600,1.78,12.66,1,tmp_frozen_s3p20_14.txt,frozen
s3p20,15,-0.18,0.153488,1.98,12.90,1,tmp_frozen_s3p20_15.txt,frozen
s3p20,16,-0.18,0.264456,3.11,11.76,1,tmp_frozen_s3p20_16.txt,frozen
s3p20,17,-0.18,0.244631,2.62,10.71,1,tmp_frozen_s3p20_17.txt,frozen
s3p20,18,-0.18,0.193548,2.28,11.78,1,tmp_frozen_s3p20_18.txt,frozen
s3p20,19,-0.18,0.162728,2.41,14.81,1,tmp_frozen_s3p20_19.txt,frozen
s3p25,0,5.774,0.209013,2.69,12.87,1,tmp_t3_s3p25_0.txt,frozen
s3p25,1,5.774,0.120183,1.84,15.31,1,tmp_roll_s3p25_1.txt,frozen
s3p25,2,5.774,0.293871,3.50,11.91,1,tmp_roll_s3p25_2.txt,frozen
s3p25,3,5.774,0.262004,2.51,9.58,1,tmp_roll_s3p25_3.txt,frozen
s3p25,4,5.774,0.266769,3.46,12.97,1,tmp_roll_s3p25_4.txt,frozen
s3p25,5,5.774,0.284350,3.87,13.61,1,tmp_frozen_s3p25_5.txt,frozen
s3p25,6,5.774,0.218003,3.10,14.22,1,tmp_frozen_s3p25_6.txt,frozen
s3p25,7,5.774,0.215478,2.84,13.18,1,tmp_frozen_s3p25_7.txt,frozen
s3p25,8,5.774,0.289012,3.13,10.83,1,tmp_frozen_s3p25_8.txt,frozen
s3p25,9,5.774,0.220109,2.43,11.04,1,tmp_frozen_s3p25_9.txt,frozen
s3p25,10,5.774,0.245851,2.37,9.64,1,tmp_frozen_s3p25_10.txt,frozen
s3p25,11,5.774,0.266019,2.74,10.30,1,tmp_frozen_s3p25_11.txt,frozen
s3p25,12,5.774,0.312436,3.04,9.73,1,tmp_frozen_s3p25_12.txt,frozen
s3p25,13,5.774,0.549094,5.76,10.49,1,tmp_frozen_s3p25_13.txt,frozen
s3p25,14,5.774,0.281546,3.57,12.68,1,tmp_frozen_s3p25_14.txt,frozen
s3p25,15,5.774,0.369507,4.12,11.15,1,tmp_frozen_s3p25_15.txt,frozen
s3p25,16,5.774,0.226804,2.86,12.61,1,tmp_frozen_s3p25_16.txt,frozen
s3p25,17,5.774,0.288401,2.76,9.57,1,tmp_frozen_s3p25_17.txt,frozen
s3p25,18,5.774,0.229082,2.82,12.31,1,tmp_frozen_s3p25_18.txt,frozen
s3p25,19,5.774,0.254433,3.30,12.97,1,tmp_frozen_s3p25_19.txt,frozen
s3p50,0,12.705,0.576782,6.31,10.94,1,tmp_t3_s3p50_0.txt,frozen
s3p50,1,12.705,0.300000,3.54,11.80,1,tmp_roll_s3p50_1.txt,frozen
s3p50,2,12.705,0.601842,5.88,9.77,1,tmp_roll_s3p50_2.txt,frozen
s3p50,3,12.705,0.375000,3.66,9.76,1,tmp_roll_s3p50_3.txt,frozen
s3p50,4,12.705,0.421888,5.05,11.97,1,tmp_roll_s3p50_4.txt,frozen
s3p50,5,12.705,0.298232,3.71,12.44,1,tmp_frozen_s3p50_5.txt,frozen
s3p50,6,12.705,0.362944,4.29,11.82,1,tmp_frozen_s3p50_6.txt,frozen
s3p50,7,12.705,0.375602,4.68,12.46,1,tmp_frozen_s3p50_7.txt,frozen
s3p50,8,12.705,0.541498,5.35,9.88,1,tmp_frozen_s3p50_8.txt,frozen
s3p50,9,12.705,0.365854,3.90,10.66,1,tmp_frozen_s3p50_9.txt,frozen
s3p50,10,12.705,0.476243,4.31,9.05,1,tmp_frozen_s3p50_10.txt,frozen
s3p50,11,12.705,0.650826,6.30,9.68,1,tmp_frozen_s3p50_11.txt,frozen
s3p50,12,12.705,0.593088,5.32,8.97,1,tmp_frozen_s3p50_12.txt,frozen
s3p50,13,12.705,0.606846,5.85,9.64,1,tmp_frozen_s3p50_13.txt,frozen
s3p50,14,12.705,0.359287,3.83,10.66,1,tmp_frozen_s3p50_14.txt,frozen
s3p50,15,12.705,0.284810,3.15,11.06,1,tmp_frozen_s3p50_15.txt,frozen
s3p50,16,12.705,0.444533,5.57,12.53,1,tmp_frozen_s3p50_16.txt,frozen
s3p50,17,12.705,0.486515,4.69,9.64,1,tmp_frozen_s3p50_17.txt,frozen
s3p50,18,12.705,0.724858,7.64,10.54,1,tmp_frozen_s3p50_18.txt,frozen
s3p50,19,12.705,0.450066,6.85,15.22,1,tmp_frozen_s3p50_19.txt,frozen
s3p75,0,19.567,0.731563,7.44,10.17,1,tmp_frozen_p75_0.txt,frozen
s3p75,1,19.567,0.221717,4.39,19.80,1,tmp_frozen_p75_1.txt,frozen
s3p75,2,19.567,0.828729,7.50,9.05,1,tmp_frozen_p75_2.txt,frozen
s3p75,3,19.567,0.808201,6.11,7.56,1,tmp_frozen_p75_3.txt,frozen
s3p75,4,19.567,0.559753,7.26,12.97,1,tmp_frozen_p75_4.txt,frozen
s3p75,5,19.567,0.658167,8.26,12.55,1,tmp_frozen_p75_5.txt,frozen
s3p75,6,19.567,0.575354,6.91,12.01,1,tmp_frozen_p75_6.txt,frozen
s3p75,7,19.567,0.577519,7.45,12.90,1,tmp_frozen_p75_7.txt,frozen
s3p75,8,19.567,0.708010,5.48,7.74,1,tmp_frozen_p75_8.txt,frozen
s3p75,9,19.567,0.445763,5.26,11.80,1,tmp_frozen_p75_9.txt,frozen
s3p75,10,19.567,0.663420,6.13,9.24,1,tmp_frozen_p75_10.txt,frozen
s3p75,11,19.567,0.679515,6.17,9.08,1,tmp_frozen_p75_11.txt,frozen
s3p75,12,19.567,0.640369,6.25,9.76,1,tmp_frozen_p75_12.txt,frozen
s3p75,13,19.567,0.960094,8.18,8.52,1,tmp_frozen_p75_13.txt,frozen
s3p75,14,19.567,0.826389,8.33,10.08,1,tmp_frozen_p75_14.txt,frozen
s3p75,15,19.567,0.700096,7.33,10.47,1,tmp_frozen_p75_15.txt,frozen
s3p75,16,19.567,0.989201,9.16,9.26,1,tmp_frozen_p75_16.txt,frozen
s3p75,17,19.567,0.448071,4.53,10.11,1,tmp_frozen_p75_17.txt,frozen
s3p75,18,19.567,0.934359,9.11,9.75,1,tmp_frozen_p75_18.txt,frozen
s3p75,19,19.567,0.396076,5.45,13.76,1,tmp_frozen_p75_19.txt,frozen
s3p90,0,24.321,1.451908,9.51,6.55,1,tmp_frozen_p90_0.txt,frozen
s3p90,1,24.321,0.684982,7.48,10.92,1,tmp_frozen_p90_1.txt,frozen
s3p90,2,24.321,1.207627,8.55,7.08,1,tmp_frozen_p90_2.txt,frozen
s3p90,3,24.321,0.866941,6.32,7.29,1,tmp_frozen_p90_3.txt,frozen
s3p90,4,24.321,1.020732,8.37,8.20,1,tmp_frozen_p90_4.txt,frozen
s3p90,5,24.321,0.820183,8.94,10.90,1,tmp_frozen_p90_5.txt,frozen
s3p90,6,24.321,0.925785,9.73,10.51,1,tmp_frozen_p90_6.txt,frozen
s3p90,7,24.321,0.610352,6.25,10.24,1,tmp_frozen_p90_7.txt,frozen
s3p90,8,24.321,0.789210,6.29,7.97,1,tmp_frozen_p90_8.txt,frozen
s3p90,9,24.321,0.716009,6.53,9.12,1,tmp_frozen_p90_9.txt,frozen
s3p90,10,24.321,1.185567,8.05,6.79,1,tmp_frozen_p90_10.txt,frozen
s3p90,11,24.321,1.809773,10.37,5.73,1,tmp_frozen_p90_11.txt,frozen
s3p90,12,24.321,0.823204,7.45,9.05,1,tmp_frozen_p90_12.txt,frozen
s3p90,13,24.321,1.403204,10.51,7.49,1,tmp_frozen_p90_13.txt,frozen
s3p90,14,24.321,1.120710,9.47,8.45,1,tmp_frozen_p90_14.txt,frozen
s3p90,15,24.321,1.045679,8.47,8.10,1,tmp_frozen_p90_15.txt,frozen
s3p90,16,24.321,1.291961,9.16,7.09,1,tmp_frozen_p90_16.txt,frozen
s3p90,17,24.321,0.907801,6.40,7.05,1,tmp_frozen_p90_17.txt,frozen
s3p90,18,24.321,1.359006,10.94,8.05,1,tmp_frozen_p90_18.txt,frozen
s3p90,19,24.321,1.151386,10.80,9.38,1,tmp_frozen_p90_19.txt,frozen
PC2,0,-,1.416296,9.56,6.75,1,tmp_frozen_pc2_0.txt,frozen
PC2,1,-,0.882464,9.31,10.55,2,tmp_frozen_pc2_1.txt,frozen
PC2,2,-,1.493590,9.32,6.24,2,tmp_frozen_pc2_2.txt,frozen
PC2,3,-,1.371534,7.42,5.41,2,tmp_frozen_pc2_3.txt,frozen
PC2,4,-,1.048101,8.28,7.90,2,tmp_frozen_pc2_4.txt,frozen
PC2,5,-,1.441953,10.93,7.58,1,tmp_frozen_pc2_5.txt,frozen
PC2,6,-,1.118267,9.55,8.54,1,tmp_frozen_pc2_6.txt,frozen
PC2,7,-,0.754209,6.72,8.91,1,tmp_frozen_pc2_7.txt,frozen
PC2,8,-,1.019048,6.42,6.30,1,tmp_frozen_pc2_8.txt,frozen
PC2,9,-,0.982895,7.47,7.60,1,tmp_frozen_pc2_9.txt,frozen
PC2,10,-,1.407279,8.12,5.77,1,tmp_frozen_pc2_10.txt,frozen
PC2,11,-,1.792808,10.47,5.84,1,tmp_frozen_pc2_11.txt,frozen
PC2,12,-,1.143075,7.51,6.57,1,tmp_frozen_pc2_12.txt,frozen
PC2,13,-,1.713202,11.29,6.59,1,tmp_frozen_pc2_13.txt,frozen
PC2,14,-,1.365278,9.83,7.20,1,tmp_frozen_pc2_14.txt,frozen
PC2,15,-,1.294437,9.54,7.37,1,tmp_frozen_pc2_15.txt,frozen
PC2,16,-,1.638474,9.88,6.03,1,tmp_frozen_pc2_16.txt,frozen
PC2,17,-,1.048589,6.69,6.38,1,tmp_frozen_pc2_17.txt,frozen
PC2,18,-,1.708333,10.66,6.24,1,tmp_frozen_pc2_18.txt,frozen
PC2,19,-,0.985755,10.38,10.53,1,tmp_frozen_pc2_19.txt,frozen
synth3-struct,0,-,0.762461,9.79,12.84,1,tmp_chk_S0fam.txt,frozen
synth3-struct,1,-,0.639073,9.65,15.10,2,tmp_chk_S1fam.txt,frozen
synth3-struct,2,-,0.909021,11.89,13.08,1,tmp_roll_s3noact_2.txt,frozen
synth3-struct,3,-,0.826939,9.70,11.73,1,tmp_roll_s3noact_3.txt,frozen
synth3-struct,4,-,0.633380,9.07,14.32,2,tmp_roll_s3noact_4.txt,frozen
synth3-struct,5,-,0.939880,14.07,14.97,2,tmp_frozen_structS_5.txt,frozen
synth3-struct,6,-,0.579832,8.97,15.47,1,tmp_frozen_structS_6.txt,frozen
synth3-struct,7,-,0.523636,7.20,13.75,1,tmp_frozen_structS_7.txt,frozen
synth3-struct,8,-,0.628059,7.70,12.26,1,tmp_frozen_structS_8.txt,frozen
synth3-struct,9,-,0.577730,7.99,13.83,1,tmp_frozen_structS_9.txt,frozen
synth3-struct,10,-,0.789748,9.09,11.51,1,tmp_frozen_structS_10.txt,frozen
synth3-struct,11,-,0.839601,10.94,13.03,1,tmp_frozen_structS_11.txt,frozen
synth3-struct,12,-,0.734167,8.81,12.00,1,tmp_frozen_structS_12.txt,frozen
synth3-struct,13,-,0.847405,10.94,12.91,1,tmp_frozen_structS_13.txt,frozen
synth3-struct,14,-,0.796380,10.56,13.26,1,tmp_frozen_structS_14.txt,frozen
synth3-struct,15,-,0.630734,8.25,13.08,1,tmp_frozen_structS_15.txt,frozen
synth3-struct,16,-,0.737774,8.75,11.86,1,tmp_frozen_structS_16.txt,frozen
synth3-struct,17,-,0.544709,6.64,12.19,1,tmp_frozen_structS_17.txt,frozen
synth3-struct,18,-,0.985669,12.38,12.56,1,tmp_frozen_structS_18.txt,frozen
synth3-struct,19,-,0.695122,10.26,14.76,2,tmp_frozen_structS_19.txt,frozen
