row,probe_dir,override,tau,t,n,DB_mean,DB_se,AB_mean,AB_se,D_mean,x
shuf,data\pilot_latents_shuf,0,0.10,1,20,0.072386,0.008073,0.0730,0.0081,0.3265,0.019000
shuf,data\pilot_latents_shuf,0,0.10,2,20,0.073181,0.008089,0.0735,0.0081,0.4580,0.019000
shuf,data\pilot_latents_shuf,0,0.10,4,20,0.081142,0.008721,0.0810,0.0089,0.6860,0.019000
shuf,data\pilot_latents_shuf,0,0.10,8,20,0.090128,0.010040,0.0935,0.0111,1.1200,0.019000
shuf,data\pilot_latents_shuf,0,0.10,16,20,0.050541,0.004590,0.0865,0.0103,1.5005,0.019000
shuf,data\pilot_latents_shuf,0,0.10,32,20,0.053553,0.004272,0.1045,0.0107,2.4770,0.019000
shuf,data\pilot_latents_shuf,0,0.10,64,20,0.051644,0.003552,0.1240,0.0112,3.0920,0.019000
shuf,data\pilot_latents_shuf,0,0.10,128,20,0.084514,0.022530,0.1930,0.0153,8.7990,0.019000
shuf,data\pilot_latents_shuf,0,0.10,200,20,0.127798,0.038177,0.3305,0.0316,17.7315,0.019000
shuf,data\pilot_latents_shuf,0,0.50,1,20,0.032615,0.003541,0.0340,0.0034,0.3265,0.019000
shuf,data\pilot_latents_shuf,0,0.50,2,20,0.032917,0.003578,0.0340,0.0034,0.4580,0.019000
shuf,data\pilot_latents_shuf,0,0.50,4,20,0.037307,0.003857,0.0385,0.0036,0.6860,0.019000
shuf,data\pilot_latents_shuf,0,0.50,8,20,0.042871,0.004569,0.0455,0.0043,1.1200,0.019000
shuf,data\pilot_latents_shuf,0,0.50,16,20,0.031404,0.002712,0.0605,0.0081,1.5005,0.019000
shuf,data\pilot_latents_shuf,0,0.50,32,20,0.034508,0.002625,0.0715,0.0072,2.4770,0.019000
shuf,data\pilot_latents_shuf,0,0.50,64,20,0.035383,0.003327,0.1075,0.0090,3.0920,0.019000
shuf,data\pilot_latents_shuf,0,0.50,128,20,0.070715,0.019972,0.2055,0.0154,8.7990,0.019000
shuf,data\pilot_latents_shuf,0,0.50,200,20,0.122411,0.040905,0.3780,0.0300,17.7315,0.019000
shuf,data\pilot_latents_shuf,0,1.00,1,20,0.023117,0.002491,0.0240,0.0026,0.3265,0.019000
shuf,data\pilot_latents_shuf,0,1.00,2,20,0.023313,0.002519,0.0235,0.0022,0.4580,0.019000
shuf,data\pilot_latents_shuf,0,1.00,4,20,0.026406,0.002686,0.0280,0.0022,0.6860,0.019000
shuf,data\pilot_latents_shuf,0,1.00,8,20,0.030805,0.003181,0.0345,0.0026,1.1200,0.019000
shuf,data\pilot_latents_shuf,0,1.00,16,20,0.023649,0.001904,0.0580,0.0056,1.5005,0.019000
shuf,data\pilot_latents_shuf,0,1.00,32,20,0.027417,0.002021,0.0755,0.0064,2.4770,0.019000
shuf,data\pilot_latents_shuf,0,1.00,64,20,0.027639,0.003198,0.1235,0.0100,3.0920,0.019000
shuf,data\pilot_latents_shuf,0,1.00,128,20,0.062638,0.018948,0.2520,0.0155,8.7990,0.019000
shuf,data\pilot_latents_shuf,0,1.00,200,20,0.116974,0.040182,0.4665,0.0206,17.7315,0.019000
p25,data\pilot_latents_p25,0,0.10,1,20,0.048406,0.004143,0.0495,0.0040,0.3255,-0.045000
p25,data\pilot_latents_p25,0,0.10,2,20,0.042164,0.003161,0.0430,0.0035,0.4415,-0.045000
p25,data\pilot_latents_p25,0,0.10,4,20,0.037032,0.003471,0.0380,0.0034,0.6215,-0.045000
p25,data\pilot_latents_p25,0,0.10,8,20,0.036638,0.003089,0.0400,0.0029,1.0055,-0.045000
p25,data\pilot_latents_p25,0,0.10,16,20,0.038090,0.002260,0.0610,0.0048,1.2440,-0.045000
p25,data\pilot_latents_p25,0,0.10,32,20,0.038243,0.001441,0.0780,0.0062,1.8670,-0.045000
p25,data\pilot_latents_p25,0,0.10,64,20,0.043277,0.002687,0.1415,0.0088,2.4835,-0.045000
p25,data\pilot_latents_p25,0,0.10,128,20,0.059801,0.010860,0.1980,0.0111,6.7630,-0.045000
p25,data\pilot_latents_p25,0,0.10,200,20,0.147718,0.032297,0.3350,0.0283,19.4835,-0.045000
p25,data\pilot_latents_p25,0,0.50,1,20,0.021761,0.001809,0.0235,0.0015,0.3255,-0.045000
p25,data\pilot_latents_p25,0,0.50,2,20,0.019024,0.001354,0.0205,0.0011,0.4415,-0.045000
p25,data\pilot_latents_p25,0,0.50,4,20,0.017418,0.001575,0.0200,0.0018,0.6215,-0.045000
p25,data\pilot_latents_p25,0,0.50,8,20,0.017164,0.001337,0.0225,0.0012,1.0055,-0.045000
p25,data\pilot_latents_p25,0,0.50,16,20,0.018212,0.000890,0.0450,0.0038,1.2440,-0.045000
p25,data\pilot_latents_p25,0,0.50,32,20,0.020081,0.000800,0.0815,0.0066,1.8670,-0.045000
p25,data\pilot_latents_p25,0,0.50,64,20,0.023642,0.003273,0.1450,0.0097,2.4835,-0.045000
p25,data\pilot_latents_p25,0,0.50,128,20,0.050496,0.011837,0.2635,0.0151,6.7630,-0.045000
p25,data\pilot_latents_p25,0,0.50,200,20,0.133356,0.033841,0.4405,0.0240,19.4835,-0.045000
p25,data\pilot_latents_p25,0,1.00,1,20,0.015406,0.001272,0.0160,0.0011,0.3255,-0.045000
p25,data\pilot_latents_p25,0,1.00,2,20,0.013489,0.000948,0.0195,0.0018,0.4415,-0.045000
p25,data\pilot_latents_p25,0,1.00,4,20,0.012387,0.001099,0.0190,0.0016,0.6215,-0.045000
p25,data\pilot_latents_p25,0,1.00,8,20,0.012309,0.000895,0.0235,0.0013,1.0055,-0.045000
p25,data\pilot_latents_p25,0,1.00,16,20,0.012787,0.000594,0.0465,0.0041,1.2440,-0.045000
p25,data\pilot_latents_p25,0,1.00,32,20,0.015480,0.001001,0.0870,0.0058,1.8670,-0.045000
p25,data\pilot_latents_p25,0,1.00,64,20,0.018488,0.003574,0.1605,0.0096,2.4835,-0.045000
p25,data\pilot_latents_p25,0,1.00,128,20,0.044319,0.012208,0.3285,0.0122,6.7630,-0.045000
p25,data\pilot_latents_p25,0,1.00,200,20,0.126758,0.035435,0.5445,0.0164,19.4835,-0.045000
p50,data\pilot_latents_p50,0,0.10,1,20,0.075554,0.005902,0.0770,0.0056,0.5755,-0.131000
p50,data\pilot_latents_p50,0,0.10,2,20,0.063906,0.005285,0.0675,0.0058,0.8685,-0.131000
p50,data\pilot_latents_p50,0,0.10,4,20,0.076959,0.008222,0.0855,0.0090,1.5125,-0.131000
p50,data\pilot_latents_p50,0,0.10,8,20,0.071101,0.006100,0.0850,0.0063,2.0165,-0.131000
p50,data\pilot_latents_p50,0,0.10,16,20,0.101392,0.008793,0.1690,0.0108,3.9095,-0.131000
p50,data\pilot_latents_p50,0,0.10,32,20,0.088042,0.005172,0.2060,0.0126,5.0680,-0.131000
p50,data\pilot_latents_p50,0,0.10,64,20,0.101478,0.005446,0.2690,0.0122,6.8965,-0.131000
p50,data\pilot_latents_p50,0,0.10,128,20,0.156969,0.020764,0.4435,0.0162,17.4620,-0.131000
p50,data\pilot_latents_p50,0,0.10,200,20,0.216522,0.066516,0.5980,0.0278,34.8970,-0.131000
p50,data\pilot_latents_p50,0,0.50,1,20,0.034726,0.002344,0.0395,0.0031,0.5755,-0.131000
p50,data\pilot_latents_p50,0,0.50,2,20,0.030093,0.002254,0.0335,0.0037,0.8685,-0.131000
p50,data\pilot_latents_p50,0,0.50,4,20,0.036342,0.003466,0.0465,0.0057,1.5125,-0.131000
p50,data\pilot_latents_p50,0,0.50,8,20,0.033303,0.002405,0.0515,0.0055,2.0165,-0.131000
p50,data\pilot_latents_p50,0,0.50,16,20,0.058219,0.005206,0.1155,0.0074,3.9095,-0.131000
p50,data\pilot_latents_p50,0,0.50,32,20,0.056145,0.003080,0.1730,0.0127,5.0680,-0.131000
p50,data\pilot_latents_p50,0,0.50,64,20,0.069486,0.005219,0.2725,0.0162,6.8965,-0.131000
p50,data\pilot_latents_p50,0,0.50,128,20,0.128789,0.022270,0.4670,0.0230,17.4620,-0.131000
p50,data\pilot_latents_p50,0,0.50,200,20,0.204280,0.069546,0.6540,0.0246,34.8970,-0.131000
p50,data\pilot_latents_p50,0,1.00,1,20,0.024856,0.001602,0.0290,0.0028,0.5755,-0.131000
p50,data\pilot_latents_p50,0,1.00,2,20,0.021814,0.001717,0.0285,0.0036,0.8685,-0.131000
p50,data\pilot_latents_p50,0,1.00,4,20,0.026248,0.002478,0.0375,0.0046,1.5125,-0.131000
p50,data\pilot_latents_p50,0,1.00,8,20,0.023670,0.001643,0.0450,0.0055,2.0165,-0.131000
p50,data\pilot_latents_p50,0,1.00,16,20,0.042022,0.003540,0.1010,0.0071,3.9095,-0.131000
p50,data\pilot_latents_p50,0,1.00,32,20,0.043933,0.002932,0.1860,0.0092,5.0680,-0.131000
p50,data\pilot_latents_p50,0,1.00,64,20,0.053448,0.006147,0.3020,0.0116,6.8965,-0.131000
p50,data\pilot_latents_p50,0,1.00,128,20,0.112289,0.024091,0.5410,0.0205,17.4620,-0.131000
p50,data\pilot_latents_p50,0,1.00,200,20,0.192114,0.071376,0.7355,0.0165,34.8970,-0.131000
p75,data\pilot_latents_p75,0,0.10,1,20,0.258765,0.027095,0.2615,0.0263,1.0145,0.163000
p75,data\pilot_latents_p75,0,0.10,2,20,0.250585,0.028573,0.2515,0.0280,1.4515,0.163000
p75,data\pilot_latents_p75,0,0.10,4,20,0.259132,0.026506,0.2625,0.0253,2.1130,0.163000
p75,data\pilot_latents_p75,0,0.10,8,20,0.282773,0.030518,0.3005,0.0278,3.8520,0.163000
p75,data\pilot_latents_p75,0,0.10,16,20,0.177688,0.017257,0.2800,0.0273,5.2280,0.163000
p75,data\pilot_latents_p75,0,0.10,32,20,0.211570,0.020534,0.3430,0.0223,9.3630,0.163000
p75,data\pilot_latents_p75,0,0.10,64,20,0.243193,0.037656,0.4220,0.0221,17.7185,0.163000
p75,data\pilot_latents_p75,0,0.10,128,20,0.287801,0.045362,0.5385,0.0217,28.9690,0.163000
p75,data\pilot_latents_p75,0,0.10,200,20,0.330607,0.066314,0.6930,0.0278,40.4505,0.163000
p75,data\pilot_latents_p75,0,0.50,1,20,0.115729,0.012081,0.1195,0.0116,1.0145,0.163000
p75,data\pilot_latents_p75,0,0.50,2,20,0.112193,0.012757,0.1150,0.0120,1.4515,0.163000
p75,data\pilot_latents_p75,0,0.50,4,20,0.116132,0.011758,0.1225,0.0100,2.1130,0.163000
p75,data\pilot_latents_p75,0,0.50,8,20,0.134636,0.013591,0.1545,0.0106,3.8520,0.163000
p75,data\pilot_latents_p75,0,0.50,16,20,0.106315,0.010915,0.1920,0.0148,5.2280,0.163000
p75,data\pilot_latents_p75,0,0.50,32,20,0.131656,0.012773,0.2645,0.0152,9.3630,0.163000
p75,data\pilot_latents_p75,0,0.50,64,20,0.178892,0.039529,0.3765,0.0153,17.7185,0.163000
p75,data\pilot_latents_p75,0,0.50,128,20,0.236243,0.044636,0.5635,0.0210,28.9690,0.163000
p75,data\pilot_latents_p75,0,0.50,200,20,0.282452,0.063890,0.7530,0.0253,40.4505,0.163000
p75,data\pilot_latents_p75,0,1.00,1,20,0.081848,0.008541,0.0860,0.0079,1.0145,0.163000
p75,data\pilot_latents_p75,0,1.00,2,20,0.079332,0.009007,0.0840,0.0085,1.4515,0.163000
p75,data\pilot_latents_p75,0,1.00,4,20,0.082221,0.008205,0.0915,0.0065,2.1130,0.163000
p75,data\pilot_latents_p75,0,1.00,8,20,0.097958,0.009558,0.1215,0.0116,3.8520,0.163000
p75,data\pilot_latents_p75,0,1.00,16,20,0.081466,0.009077,0.1770,0.0120,5.2280,0.163000
p75,data\pilot_latents_p75,0,1.00,32,20,0.101220,0.010594,0.2705,0.0158,9.3630,0.163000
p75,data\pilot_latents_p75,0,1.00,64,20,0.149213,0.041825,0.4035,0.0160,17.7185,0.163000
p75,data\pilot_latents_p75,0,1.00,128,20,0.209897,0.047472,0.6215,0.0230,28.9690,0.163000
p75,data\pilot_latents_p75,0,1.00,200,20,0.258950,0.065249,0.7820,0.0226,40.4505,0.163000
real,data\pilot_latents,0,0.10,1,20,0.279156,0.027932,0.2845,0.0265,1.5735,0.910000
real,data\pilot_latents,0,0.10,2,20,0.236391,0.024922,0.2440,0.0231,2.1165,0.910000
real,data\pilot_latents,0,0.10,4,20,0.240420,0.024408,0.2530,0.0215,3.2355,0.910000
real,data\pilot_latents,0,0.10,8,20,0.150418,0.013024,0.2265,0.0150,4.8185,0.910000
real,data\pilot_latents,0,0.10,16,20,0.184315,0.015213,0.3100,0.0215,5.9385,0.910000
real,data\pilot_latents,0,0.10,32,20,0.207872,0.011267,0.3990,0.0213,10.4240,0.910000
real,data\pilot_latents,0,0.10,64,20,0.242686,0.014708,0.4895,0.0179,13.8200,0.910000
real,data\pilot_latents,0,0.10,128,20,0.344510,0.033563,0.6220,0.0219,34.0390,0.910000
real,data\pilot_latents,0,0.10,200,20,0.383816,0.055190,0.7815,0.0222,50.5720,0.910000
real,data\pilot_latents,0,0.50,1,20,0.126356,0.011985,0.1315,0.0112,1.5735,0.910000
real,data\pilot_latents,0,0.50,2,20,0.106352,0.010844,0.1130,0.0097,2.1165,0.910000
real,data\pilot_latents,0,0.50,4,20,0.108454,0.010439,0.1190,0.0092,3.2355,0.910000
real,data\pilot_latents,0,0.50,8,20,0.083913,0.005741,0.1370,0.0091,4.8185,0.910000
real,data\pilot_latents,0,0.50,16,20,0.093582,0.006692,0.2055,0.0097,5.9385,0.910000
real,data\pilot_latents,0,0.50,32,20,0.125073,0.006870,0.2925,0.0115,10.4240,0.910000
real,data\pilot_latents,0,0.50,64,20,0.151270,0.013654,0.4210,0.0126,13.8200,0.910000
real,data\pilot_latents,0,0.50,128,20,0.261158,0.035878,0.5890,0.0196,34.0390,0.910000
real,data\pilot_latents,0,0.50,200,20,0.330741,0.060882,0.8130,0.0208,50.5720,0.910000
real,data\pilot_latents,0,1.00,1,20,0.089631,0.008373,0.0930,0.0076,1.5735,0.910000
real,data\pilot_latents,0,1.00,2,20,0.075277,0.007589,0.0830,0.0070,2.1165,0.910000
real,data\pilot_latents,0,1.00,4,20,0.076881,0.007205,0.0890,0.0059,3.2355,0.910000
real,data\pilot_latents,0,1.00,8,20,0.061578,0.003845,0.1300,0.0113,4.8185,0.910000
real,data\pilot_latents,0,1.00,16,20,0.066856,0.005258,0.2095,0.0095,5.9385,0.910000
real,data\pilot_latents,0,1.00,32,20,0.098189,0.006635,0.3165,0.0112,10.4240,0.910000
real,data\pilot_latents,0,1.00,64,20,0.115243,0.015096,0.4545,0.0151,13.8200,0.910000
real,data\pilot_latents,0,1.00,128,20,0.226950,0.040446,0.6445,0.0196,34.0390,0.910000
real,data\pilot_latents,0,1.00,200,20,0.301306,0.063577,0.8130,0.0164,50.5720,0.910000
real-struct,data\pilot_latents,1,0.10,1,20,0.472895,0.043034,0.4745,0.0428,3.1145,
real-struct,data\pilot_latents,1,0.10,2,20,0.400924,0.037603,0.4030,0.0374,3.9810,
real-struct,data\pilot_latents,1,0.10,4,20,0.403832,0.039227,0.4065,0.0387,5.7225,
real-struct,data\pilot_latents,1,0.10,8,20,0.307150,0.026332,0.3390,0.0286,9.9170,
real-struct,data\pilot_latents,1,0.10,16,20,0.340276,0.030941,0.4335,0.0321,15.3255,
real-struct,data\pilot_latents,1,0.10,32,20,0.425833,0.036690,0.5765,0.0223,24.2500,
real-struct,data\pilot_latents,1,0.10,64,20,0.412257,0.031577,0.6730,0.0176,24.7865,
real-struct,data\pilot_latents,1,0.10,128,20,0.446549,0.044668,0.7770,0.0211,40.4245,
real-struct,data\pilot_latents,1,0.10,200,20,0.669005,0.048195,0.8985,0.0162,82.4380,
real-struct,data\pilot_latents,1,0.50,1,20,0.219193,0.020093,0.2220,0.0197,3.1145,
real-struct,data\pilot_latents,1,0.50,2,20,0.186676,0.016817,0.1910,0.0163,3.9810,
real-struct,data\pilot_latents,1,0.50,4,20,0.189052,0.017432,0.1960,0.0164,5.7225,
real-struct,data\pilot_latents,1,0.50,8,20,0.173722,0.011384,0.2225,0.0164,9.9170,
real-struct,data\pilot_latents,1,0.50,16,20,0.212043,0.018715,0.3150,0.0156,15.3255,
real-struct,data\pilot_latents,1,0.50,32,20,0.285160,0.027286,0.4490,0.0172,24.2500,
real-struct,data\pilot_latents,1,0.50,64,20,0.315790,0.024998,0.6065,0.0179,24.7865,
real-struct,data\pilot_latents,1,0.50,128,20,0.393977,0.043820,0.8005,0.0230,40.4245,
real-struct,data\pilot_latents,1,0.50,200,20,0.659446,0.047790,0.8870,0.0156,82.4380,
real-struct,data\pilot_latents,1,1.00,1,20,0.156493,0.014435,0.1610,0.0136,3.1145,
real-struct,data\pilot_latents,1,1.00,2,20,0.133271,0.011938,0.1385,0.0112,3.9810,
real-struct,data\pilot_latents,1,1.00,4,20,0.135564,0.012265,0.1400,0.0116,5.7225,
real-struct,data\pilot_latents,1,1.00,8,20,0.131498,0.007846,0.1670,0.0113,9.9170,
real-struct,data\pilot_latents,1,1.00,16,20,0.167466,0.016788,0.2585,0.0097,15.3255,
real-struct,data\pilot_latents,1,1.00,32,20,0.242325,0.028668,0.3925,0.0110,24.2500,
real-struct,data\pilot_latents,1,1.00,64,20,0.273773,0.024376,0.5945,0.0156,24.7865,
real-struct,data\pilot_latents,1,1.00,128,20,0.364502,0.044177,0.7950,0.0166,40.4245,
real-struct,data\pilot_latents,1,1.00,200,20,0.636136,0.049702,0.9060,0.0120,82.4380,
s3p10,data\pilot_latents_synth3p10,0,0.10,1,20,0.272724,0.015949,0.3685,0.0257,1.6240,0.685000
s3p10,data\pilot_latents_synth3p10,0,0.10,2,20,0.272147,0.014450,0.3795,0.0239,2.3620,0.685000
s3p10,data\pilot_latents_synth3p10,0,0.10,4,20,0.292710,0.018224,0.4105,0.0250,3.4935,0.685000
s3p10,data\pilot_latents_synth3p10,0,0.10,8,20,0.337334,0.034727,0.4665,0.0357,4.8760,0.685000
s3p10,data\pilot_latents_synth3p10,0,0.10,16,20,0.358964,0.027233,0.4810,0.0296,7.3295,0.685000
s3p10,data\pilot_latents_synth3p10,0,0.10,32,20,0.356808,0.028068,0.4640,0.0283,12.1035,0.685000
s3p10,data\pilot_latents_synth3p10,0,0.10,64,20,0.320671,0.028713,0.4310,0.0239,18.6210,0.685000
s3p10,data\pilot_latents_synth3p10,0,0.10,128,20,0.314404,0.042777,0.4030,0.0325,25.9330,0.685000
s3p10,data\pilot_latents_synth3p10,0,0.10,200,20,0.306349,0.048601,0.3995,0.0331,26.0475,0.685000
s3p10,data\pilot_latents_synth3p10,0,0.50,1,20,0.180941,0.009487,0.2460,0.0157,1.6240,0.685000
s3p10,data\pilot_latents_synth3p10,0,0.50,2,20,0.188469,0.007916,0.2640,0.0141,2.3620,0.685000
s3p10,data\pilot_latents_synth3p10,0,0.50,4,20,0.205719,0.011555,0.2885,0.0151,3.4935,0.685000
s3p10,data\pilot_latents_synth3p10,0,0.50,8,20,0.230482,0.020953,0.3210,0.0213,4.8760,0.685000
s3p10,data\pilot_latents_synth3p10,0,0.50,16,20,0.238606,0.018285,0.3215,0.0200,7.3295,0.685000
s3p10,data\pilot_latents_synth3p10,0,0.50,32,20,0.242888,0.021160,0.3115,0.0208,12.1035,0.685000
s3p10,data\pilot_latents_synth3p10,0,0.50,64,20,0.228610,0.022079,0.2965,0.0161,18.6210,0.685000
s3p10,data\pilot_latents_synth3p10,0,0.50,128,20,0.244055,0.037656,0.2935,0.0215,25.9330,0.685000
s3p10,data\pilot_latents_synth3p10,0,0.50,200,20,0.245877,0.046551,0.3080,0.0282,26.0475,0.685000
s3p10,data\pilot_latents_synth3p10,0,1.00,1,20,0.142133,0.007201,0.1940,0.0119,1.6240,0.685000
s3p10,data\pilot_latents_synth3p10,0,1.00,2,20,0.149286,0.005743,0.2105,0.0107,2.3620,0.685000
s3p10,data\pilot_latents_synth3p10,0,1.00,4,20,0.163945,0.008918,0.2280,0.0118,3.4935,0.685000
s3p10,data\pilot_latents_synth3p10,0,1.00,8,20,0.180967,0.015629,0.2545,0.0160,4.8760,0.685000
s3p10,data\pilot_latents_synth3p10,0,1.00,16,20,0.185661,0.014191,0.2515,0.0158,7.3295,0.685000
s3p10,data\pilot_latents_synth3p10,0,1.00,32,20,0.193416,0.017428,0.2485,0.0167,12.1035,0.685000
s3p10,data\pilot_latents_synth3p10,0,1.00,64,20,0.190096,0.020662,0.2440,0.0140,18.6210,0.685000
s3p10,data\pilot_latents_synth3p10,0,1.00,128,20,0.212327,0.036608,0.2585,0.0205,25.9330,0.685000
s3p10,data\pilot_latents_synth3p10,0,1.00,200,20,0.225893,0.048134,0.2645,0.0232,26.0475,0.685000
s3p15,data\pilot_latents_synth3p15,0,0.10,1,20,0.289950,0.022055,0.3710,0.0220,1.6915,2.161000
s3p15,data\pilot_latents_synth3p15,0,0.10,2,20,0.271073,0.013002,0.3780,0.0145,2.4125,2.161000
s3p15,data\pilot_latents_synth3p15,0,0.10,4,20,0.281391,0.019096,0.4005,0.0193,3.4435,2.161000
s3p15,data\pilot_latents_synth3p15,0,0.10,8,20,0.303567,0.025248,0.4280,0.0250,4.6750,2.161000
s3p15,data\pilot_latents_synth3p15,0,0.10,16,20,0.293394,0.017027,0.4320,0.0202,6.3825,2.161000
s3p15,data\pilot_latents_synth3p15,0,0.10,32,20,0.287242,0.023515,0.4415,0.0191,10.6670,2.161000
s3p15,data\pilot_latents_synth3p15,0,0.10,64,20,0.257987,0.019836,0.4310,0.0232,18.3735,2.161000
s3p15,data\pilot_latents_synth3p15,0,0.10,128,20,0.256856,0.036400,0.4565,0.0339,31.1145,2.161000
s3p15,data\pilot_latents_synth3p15,0,0.10,200,20,0.236853,0.043987,0.5040,0.0433,28.5150,2.161000
s3p15,data\pilot_latents_synth3p15,0,0.50,1,20,0.186767,0.013547,0.2405,0.0141,1.6915,2.161000
s3p15,data\pilot_latents_synth3p15,0,0.50,2,20,0.187478,0.008584,0.2630,0.0099,2.4125,2.161000
s3p15,data\pilot_latents_synth3p15,0,0.50,4,20,0.196921,0.013544,0.2840,0.0135,3.4435,2.161000
s3p15,data\pilot_latents_synth3p15,0,0.50,8,20,0.211029,0.017125,0.3020,0.0168,4.6750,2.161000
s3p15,data\pilot_latents_synth3p15,0,0.50,16,20,0.196152,0.011306,0.2925,0.0147,6.3825,2.161000
s3p15,data\pilot_latents_synth3p15,0,0.50,32,20,0.192784,0.014188,0.2950,0.0132,10.6670,2.161000
s3p15,data\pilot_latents_synth3p15,0,0.50,64,20,0.181762,0.014548,0.3075,0.0185,18.3735,2.161000
s3p15,data\pilot_latents_synth3p15,0,0.50,128,20,0.201627,0.035875,0.3525,0.0332,31.1145,2.161000
s3p15,data\pilot_latents_synth3p15,0,0.50,200,20,0.187964,0.041826,0.4130,0.0415,28.5150,2.161000
s3p15,data\pilot_latents_synth3p15,0,1.00,1,20,0.145003,0.010504,0.1880,0.0112,1.6915,2.161000
s3p15,data\pilot_latents_synth3p15,0,1.00,2,20,0.148348,0.006967,0.2090,0.0084,2.4125,2.161000
s3p15,data\pilot_latents_synth3p15,0,1.00,4,20,0.156475,0.010975,0.2285,0.0109,3.4435,2.161000
s3p15,data\pilot_latents_synth3p15,0,1.00,8,20,0.166423,0.013561,0.2410,0.0135,4.6750,2.161000
s3p15,data\pilot_latents_synth3p15,0,1.00,16,20,0.152900,0.008991,0.2285,0.0121,6.3825,2.161000
s3p15,data\pilot_latents_synth3p15,0,1.00,32,20,0.152489,0.011026,0.2320,0.0111,10.6670,2.161000
s3p15,data\pilot_latents_synth3p15,0,1.00,64,20,0.149103,0.012887,0.2485,0.0140,18.3735,2.161000
s3p15,data\pilot_latents_synth3p15,0,1.00,128,20,0.182409,0.040050,0.3040,0.0314,31.1145,2.161000
s3p15,data\pilot_latents_synth3p15,0,1.00,200,20,0.168558,0.041398,0.3440,0.0347,28.5150,2.161000
s3p20,data\pilot_latents_synth3p20,0,0.10,1,20,0.386800,0.022172,0.5015,0.0221,2.2850,2.435000
s3p20,data\pilot_latents_synth3p20,0,0.10,2,20,0.358134,0.019332,0.4865,0.0210,3.1210,2.435000
s3p20,data\pilot_latents_synth3p20,0,0.10,4,20,0.365333,0.023596,0.5120,0.0295,4.3710,2.435000
s3p20,data\pilot_latents_synth3p20,0,0.10,8,20,0.365263,0.023015,0.5280,0.0243,5.6525,2.435000
s3p20,data\pilot_latents_synth3p20,0,0.10,16,20,0.355859,0.021200,0.5195,0.0196,7.1215,2.435000
s3p20,data\pilot_latents_synth3p20,0,0.10,32,20,0.322253,0.018464,0.4840,0.0174,9.4885,2.435000
s3p20,data\pilot_latents_synth3p20,0,0.10,64,20,0.310115,0.016599,0.4925,0.0138,13.3475,2.435000
s3p20,data\pilot_latents_synth3p20,0,0.10,128,20,0.283507,0.022966,0.4795,0.0302,17.4515,2.435000
s3p20,data\pilot_latents_synth3p20,0,0.10,200,20,0.287772,0.023617,0.5180,0.0370,15.8105,2.435000
s3p20,data\pilot_latents_synth3p20,0,0.50,1,20,0.240808,0.012762,0.3145,0.0121,2.2850,2.435000
s3p20,data\pilot_latents_synth3p20,0,0.50,2,20,0.235818,0.009317,0.3250,0.0101,3.1210,2.435000
s3p20,data\pilot_latents_synth3p20,0,0.50,4,20,0.246314,0.013196,0.3480,0.0161,4.3710,2.435000
s3p20,data\pilot_latents_synth3p20,0,0.50,8,20,0.251233,0.015716,0.3690,0.0164,5.6525,2.435000
s3p20,data\pilot_latents_synth3p20,0,0.50,16,20,0.237394,0.014603,0.3545,0.0141,7.1215,2.435000
s3p20,data\pilot_latents_synth3p20,0,0.50,32,20,0.219494,0.013059,0.3365,0.0128,9.4885,2.435000
s3p20,data\pilot_latents_synth3p20,0,0.50,64,20,0.218535,0.012161,0.3570,0.0113,13.3475,2.435000
s3p20,data\pilot_latents_synth3p20,0,0.50,128,20,0.216659,0.017321,0.3815,0.0239,17.4515,2.435000
s3p20,data\pilot_latents_synth3p20,0,0.50,200,20,0.215751,0.014581,0.4180,0.0287,15.8105,2.435000
s3p20,data\pilot_latents_synth3p20,0,1.00,1,20,0.184936,0.009912,0.2450,0.0094,2.2850,2.435000
s3p20,data\pilot_latents_synth3p20,0,1.00,2,20,0.183373,0.006673,0.2570,0.0075,3.1210,2.435000
s3p20,data\pilot_latents_synth3p20,0,1.00,4,20,0.193110,0.009819,0.2770,0.0117,4.3710,2.435000
s3p20,data\pilot_latents_synth3p20,0,1.00,8,20,0.197455,0.012628,0.2935,0.0132,5.6525,2.435000
s3p20,data\pilot_latents_synth3p20,0,1.00,16,20,0.184706,0.011624,0.2800,0.0111,7.1215,2.435000
s3p20,data\pilot_latents_synth3p20,0,1.00,32,20,0.174725,0.010808,0.2705,0.0106,9.4885,2.435000
s3p20,data\pilot_latents_synth3p20,0,1.00,64,20,0.177066,0.010064,0.2895,0.0096,13.3475,2.435000
s3p20,data\pilot_latents_synth3p20,0,1.00,128,20,0.183607,0.015722,0.3200,0.0131,17.4515,2.435000
s3p20,data\pilot_latents_synth3p20,0,1.00,200,20,0.185143,0.014218,0.3395,0.0146,15.8105,2.435000
s3p25,data\pilot_latents_synth3p25,0,0.10,1,20,0.469691,0.031430,0.5550,0.0281,3.1355,6.813000
s3p25,data\pilot_latents_synth3p25,0,0.10,2,20,0.446555,0.026708,0.5845,0.0264,4.3570,6.813000
s3p25,data\pilot_latents_synth3p25,0,0.10,4,20,0.419317,0.031173,0.5990,0.0317,5.7455,6.813000
s3p25,data\pilot_latents_synth3p25,0,0.10,8,20,0.443459,0.038073,0.6445,0.0373,8.3800,6.813000
s3p25,data\pilot_latents_synth3p25,0,0.10,16,20,0.439025,0.033712,0.6875,0.0328,10.6210,6.813000
s3p25,data\pilot_latents_synth3p25,0,0.10,32,20,0.388184,0.026338,0.6810,0.0314,13.7760,6.813000
s3p25,data\pilot_latents_synth3p25,0,0.10,64,20,0.359112,0.036819,0.6715,0.0339,22.1450,6.813000
s3p25,data\pilot_latents_synth3p25,0,0.10,128,20,0.267417,0.019333,0.6120,0.0215,16.9250,6.813000
s3p25,data\pilot_latents_synth3p25,0,0.10,200,20,0.330595,0.041292,0.6680,0.0334,27.0565,6.813000
s3p25,data\pilot_latents_synth3p25,0,0.50,1,20,0.335051,0.022525,0.3955,0.0196,3.1355,6.813000
s3p25,data\pilot_latents_synth3p25,0,0.50,2,20,0.331432,0.018887,0.4335,0.0188,4.3570,6.813000
s3p25,data\pilot_latents_synth3p25,0,0.50,4,20,0.323832,0.022142,0.4650,0.0225,5.7455,6.813000
s3p25,data\pilot_latents_synth3p25,0,0.50,8,20,0.347294,0.028670,0.5075,0.0281,8.3800,6.813000
s3p25,data\pilot_latents_synth3p25,0,0.50,16,20,0.332053,0.024740,0.5220,0.0227,10.6210,6.813000
s3p25,data\pilot_latents_synth3p25,0,0.50,32,20,0.294250,0.019497,0.5165,0.0221,13.7760,6.813000
s3p25,data\pilot_latents_synth3p25,0,0.50,64,20,0.275546,0.028501,0.5055,0.0220,22.1450,6.813000
s3p25,data\pilot_latents_synth3p25,0,0.50,128,20,0.217050,0.017195,0.5105,0.0234,16.9250,6.813000
s3p25,data\pilot_latents_synth3p25,0,0.50,200,20,0.271778,0.042445,0.5480,0.0303,27.0565,6.813000
s3p25,data\pilot_latents_synth3p25,0,1.00,1,20,0.270098,0.018495,0.3200,0.0159,3.1355,6.813000
s3p25,data\pilot_latents_synth3p25,0,1.00,2,20,0.269905,0.015274,0.3520,0.0147,4.3570,6.813000
s3p25,data\pilot_latents_synth3p25,0,1.00,4,20,0.267353,0.017740,0.3855,0.0180,5.7455,6.813000
s3p25,data\pilot_latents_synth3p25,0,1.00,8,20,0.288641,0.023177,0.4220,0.0225,8.3800,6.813000
s3p25,data\pilot_latents_synth3p25,0,1.00,16,20,0.271899,0.020061,0.4305,0.0183,10.6210,6.813000
s3p25,data\pilot_latents_synth3p25,0,1.00,32,20,0.242626,0.016113,0.4270,0.0183,13.7760,6.813000
s3p25,data\pilot_latents_synth3p25,0,1.00,64,20,0.231713,0.025048,0.4205,0.0158,22.1450,6.813000
s3p25,data\pilot_latents_synth3p25,0,1.00,128,20,0.188114,0.015465,0.4535,0.0202,16.9250,6.813000
s3p25,data\pilot_latents_synth3p25,0,1.00,200,20,0.246440,0.048229,0.4900,0.0259,27.0565,6.813000
s3p50,data\pilot_latents_synth3p50,0,0.10,1,20,0.767891,0.044758,0.8065,0.0394,4.9940,13.993000
s3p50,data\pilot_latents_synth3p50,0,0.10,2,20,0.785986,0.069305,0.9645,0.0653,6.8550,13.993000
s3p50,data\pilot_latents_synth3p50,0,0.10,4,20,0.710742,0.055111,0.9300,0.0502,8.8140,13.993000
s3p50,data\pilot_latents_synth3p50,0,0.10,8,20,0.739031,0.062107,0.9530,0.0587,12.7560,13.993000
s3p50,data\pilot_latents_synth3p50,0,0.10,16,20,0.726968,0.056868,0.9270,0.0517,17.2075,13.993000
s3p50,data\pilot_latents_synth3p50,0,0.10,32,20,0.652488,0.037847,0.8735,0.0338,22.6820,13.993000
s3p50,data\pilot_latents_synth3p50,0,0.10,64,20,0.622787,0.046007,0.8935,0.0418,30.9090,13.993000
s3p50,data\pilot_latents_synth3p50,0,0.10,128,20,0.539556,0.047719,0.8740,0.0522,36.0990,13.993000
s3p50,data\pilot_latents_synth3p50,0,0.10,200,20,0.547792,0.036168,0.9365,0.0557,36.2085,13.993000
s3p50,data\pilot_latents_synth3p50,0,0.50,1,20,0.568812,0.033492,0.5975,0.0292,4.9940,13.993000
s3p50,data\pilot_latents_synth3p50,0,0.50,2,20,0.586335,0.046601,0.7225,0.0442,6.8550,13.993000
s3p50,data\pilot_latents_synth3p50,0,0.50,4,20,0.552274,0.039945,0.7225,0.0365,8.8140,13.993000
s3p50,data\pilot_latents_synth3p50,0,0.50,8,20,0.588127,0.046974,0.7600,0.0441,12.7560,13.993000
s3p50,data\pilot_latents_synth3p50,0,0.50,16,20,0.570970,0.044367,0.7300,0.0413,17.2075,13.993000
s3p50,data\pilot_latents_synth3p50,0,0.50,32,20,0.506735,0.028157,0.6800,0.0259,22.6820,13.993000
s3p50,data\pilot_latents_synth3p50,0,0.50,64,20,0.484499,0.031646,0.6990,0.0290,30.9090,13.993000
s3p50,data\pilot_latents_synth3p50,0,0.50,128,20,0.434378,0.032832,0.7265,0.0445,36.0990,13.993000
s3p50,data\pilot_latents_synth3p50,0,0.50,200,20,0.460510,0.031347,0.8280,0.0555,36.2085,13.993000
s3p50,data\pilot_latents_synth3p50,0,1.00,1,20,0.464836,0.028735,0.4885,0.0254,4.9940,13.993000
s3p50,data\pilot_latents_synth3p50,0,1.00,2,20,0.477763,0.037135,0.5910,0.0358,6.8550,13.993000
s3p50,data\pilot_latents_synth3p50,0,1.00,4,20,0.457403,0.032388,0.6005,0.0303,8.8140,13.993000
s3p50,data\pilot_latents_synth3p50,0,1.00,8,20,0.491009,0.038183,0.6360,0.0358,12.7560,13.993000
s3p50,data\pilot_latents_synth3p50,0,1.00,16,20,0.471634,0.036306,0.6035,0.0342,17.2075,13.993000
s3p50,data\pilot_latents_synth3p50,0,1.00,32,20,0.421521,0.023244,0.5675,0.0220,22.6820,13.993000
s3p50,data\pilot_latents_synth3p50,0,1.00,64,20,0.405781,0.025905,0.5875,0.0202,30.9090,13.993000
s3p50,data\pilot_latents_synth3p50,0,1.00,128,20,0.375912,0.027252,0.6265,0.0315,36.0990,13.993000
s3p50,data\pilot_latents_synth3p50,0,1.00,200,20,0.398619,0.028159,0.6910,0.0356,36.2085,13.993000
s3p75,data\pilot_latents_synth3p75,0,0.10,1,20,1.243462,0.082662,1.2480,0.0834,6.8350,22.053000
s3p75,data\pilot_latents_synth3p75,0,0.10,2,20,1.368053,0.086963,1.4575,0.0871,9.2430,22.053000
s3p75,data\pilot_latents_synth3p75,0,0.10,4,20,1.272960,0.073595,1.3705,0.0764,12.6710,22.053000
s3p75,data\pilot_latents_synth3p75,0,0.10,8,20,1.383271,0.088845,1.4830,0.0855,18.9275,22.053000
s3p75,data\pilot_latents_synth3p75,0,0.10,16,20,1.255297,0.074984,1.3475,0.0720,24.3805,22.053000
s3p75,data\pilot_latents_synth3p75,0,0.10,32,20,1.181329,0.069358,1.3215,0.0661,32.8795,22.053000
s3p75,data\pilot_latents_synth3p75,0,0.10,64,20,1.185236,0.093150,1.3610,0.0908,47.3680,22.053000
s3p75,data\pilot_latents_synth3p75,0,0.10,128,20,1.035210,0.109441,1.2780,0.0986,33.9335,22.053000
s3p75,data\pilot_latents_synth3p75,0,0.10,200,20,1.042869,0.084874,1.3435,0.0830,29.6080,22.053000
s3p75,data\pilot_latents_synth3p75,0,0.50,1,20,0.843776,0.055176,0.8475,0.0553,6.8350,22.053000
s3p75,data\pilot_latents_synth3p75,0,0.50,2,20,0.909734,0.056921,0.9695,0.0578,9.2430,22.053000
s3p75,data\pilot_latents_synth3p75,0,0.50,4,20,0.915055,0.052260,0.9870,0.0535,12.6710,22.053000
s3p75,data\pilot_latents_synth3p75,0,0.50,8,20,1.027079,0.068870,1.1020,0.0668,18.9275,22.053000
s3p75,data\pilot_latents_synth3p75,0,0.50,16,20,0.930972,0.057380,0.9995,0.0550,24.3805,22.053000
s3p75,data\pilot_latents_synth3p75,0,0.50,32,20,0.887490,0.056781,0.9930,0.0565,32.8795,22.053000
s3p75,data\pilot_latents_synth3p75,0,0.50,64,20,0.952939,0.077421,1.0795,0.0761,47.3680,22.053000
s3p75,data\pilot_latents_synth3p75,0,0.50,128,20,0.887342,0.096210,1.0955,0.0858,33.9335,22.053000
s3p75,data\pilot_latents_synth3p75,0,0.50,200,20,0.895574,0.078789,1.1600,0.0878,29.6080,22.053000
s3p75,data\pilot_latents_synth3p75,0,1.00,1,20,0.667618,0.044041,0.6705,0.0442,6.8350,22.053000
s3p75,data\pilot_latents_synth3p75,0,1.00,2,20,0.709460,0.044674,0.7585,0.0451,9.2430,22.053000
s3p75,data\pilot_latents_synth3p75,0,1.00,4,20,0.732469,0.042654,0.7905,0.0434,12.6710,22.053000
s3p75,data\pilot_latents_synth3p75,0,1.00,8,20,0.830969,0.057335,0.8925,0.0561,18.9275,22.053000
s3p75,data\pilot_latents_synth3p75,0,1.00,16,20,0.754051,0.047813,0.8105,0.0457,24.3805,22.053000
s3p75,data\pilot_latents_synth3p75,0,1.00,32,20,0.726104,0.047731,0.8100,0.0479,32.8795,22.053000
s3p75,data\pilot_latents_synth3p75,0,1.00,64,20,0.816746,0.065366,0.9150,0.0643,47.3680,22.053000
s3p75,data\pilot_latents_synth3p75,0,1.00,128,20,0.778905,0.083354,0.9695,0.0719,33.9335,22.053000
s3p75,data\pilot_latents_synth3p75,0,1.00,200,20,0.794016,0.069061,1.0440,0.0686,29.6080,22.053000
s3p90,data\pilot_latents_synth3p90,0,0.10,1,20,2.546075,0.197717,2.5980,0.2003,8.4795,26.837000
s3p90,data\pilot_latents_synth3p90,0,0.10,2,20,2.126242,0.176094,2.1730,0.1716,10.3940,26.837000
s3p90,data\pilot_latents_synth3p90,0,0.10,4,20,1.741283,0.139845,1.7880,0.1338,13.8460,26.837000
s3p90,data\pilot_latents_synth3p90,0,0.10,8,20,1.937405,0.161734,1.9890,0.1576,21.5320,26.837000
s3p90,data\pilot_latents_synth3p90,0,0.10,16,20,1.744063,0.149562,1.8045,0.1410,29.0470,26.837000
s3p90,data\pilot_latents_synth3p90,0,0.10,32,20,1.717296,0.138215,1.7935,0.1319,41.8695,26.837000
s3p90,data\pilot_latents_synth3p90,0,0.10,64,20,1.733651,0.150642,1.8330,0.1437,51.0580,26.837000
s3p90,data\pilot_latents_synth3p90,0,0.10,128,20,1.945809,0.206218,2.0185,0.1716,50.7715,26.837000
s3p90,data\pilot_latents_synth3p90,0,0.10,200,20,2.395845,0.530854,2.1255,0.2091,55.3700,26.837000
s3p90,data\pilot_latents_synth3p90,0,0.50,1,20,1.414909,0.094684,1.4445,0.0963,8.4795,26.837000
s3p90,data\pilot_latents_synth3p90,0,0.50,2,20,1.255925,0.090529,1.2865,0.0878,10.3940,26.837000
s3p90,data\pilot_latents_synth3p90,0,0.50,4,20,1.156723,0.077410,1.1885,0.0732,13.8460,26.837000
s3p90,data\pilot_latents_synth3p90,0,0.50,8,20,1.328847,0.101917,1.3650,0.0990,21.5320,26.837000
s3p90,data\pilot_latents_synth3p90,0,0.50,16,20,1.213183,0.096713,1.2530,0.0908,29.0470,26.837000
s3p90,data\pilot_latents_synth3p90,0,0.50,32,20,1.187630,0.086839,1.2380,0.0814,41.8695,26.837000
s3p90,data\pilot_latents_synth3p90,0,0.50,64,20,1.260226,0.105490,1.3330,0.0995,51.0580,26.837000
s3p90,data\pilot_latents_synth3p90,0,0.50,128,20,1.502365,0.159004,1.5260,0.1162,50.7715,26.837000
s3p90,data\pilot_latents_synth3p90,0,0.50,200,20,1.939381,0.424081,1.6670,0.1258,55.3700,26.837000
s3p90,data\pilot_latents_synth3p90,0,1.00,1,20,1.059601,0.067951,1.0815,0.0691,8.4795,26.837000
s3p90,data\pilot_latents_synth3p90,0,1.00,2,20,0.956375,0.066417,0.9790,0.0642,10.3940,26.837000
s3p90,data\pilot_latents_synth3p90,0,1.00,4,20,0.911979,0.057992,0.9370,0.0548,13.8460,26.837000
s3p90,data\pilot_latents_synth3p90,0,1.00,8,20,1.056862,0.080399,1.0850,0.0784,21.5320,26.837000
s3p90,data\pilot_latents_synth3p90,0,1.00,16,20,0.966215,0.076097,0.9950,0.0712,29.0470,26.837000
s3p90,data\pilot_latents_synth3p90,0,1.00,32,20,0.947211,0.067283,0.9810,0.0620,41.8695,26.837000
s3p90,data\pilot_latents_synth3p90,0,1.00,64,20,1.037305,0.084644,1.0895,0.0766,51.0580,26.837000
s3p90,data\pilot_latents_synth3p90,0,1.00,128,20,1.265476,0.132693,1.2775,0.0906,50.7715,26.837000
s3p90,data\pilot_latents_synth3p90,0,1.00,200,20,1.777489,0.479330,1.4210,0.1049,55.3700,26.837000
PC2,data\pilot_latents_synth3,0,0.10,1,20,4.023642,0.223340,4.0265,0.2215,8.9675,
PC2,data\pilot_latents_synth3,0,0.10,2,20,3.576394,0.231421,3.5795,0.2300,10.5175,
PC2,data\pilot_latents_synth3,0,0.10,4,20,3.809877,0.231221,3.8120,0.2298,14.9465,
PC2,data\pilot_latents_synth3,0,0.10,8,20,4.391207,0.349087,4.3980,0.3477,23.0835,
PC2,data\pilot_latents_synth3,0,0.10,16,20,3.969914,0.307736,3.9710,0.3063,31.2825,
PC2,data\pilot_latents_synth3,0,0.10,32,20,3.932114,0.375195,3.9440,0.3719,44.4915,
PC2,data\pilot_latents_synth3,0,0.10,64,20,4.828733,0.549934,4.8860,0.5553,54.3805,
PC2,data\pilot_latents_synth3,0,0.10,128,20,7.011721,0.800178,7.0435,0.8432,51.2805,
PC2,data\pilot_latents_synth3,0,0.10,200,20,9.552012,0.961383,9.1900,0.8954,45.7290,
PC2,data\pilot_latents_synth3,0,0.50,1,20,1.809592,0.095894,1.8110,0.0953,8.9675,
PC2,data\pilot_latents_synth3,0,0.50,2,20,1.605346,0.101033,1.6070,0.1006,10.5175,
PC2,data\pilot_latents_synth3,0,0.50,4,20,1.720019,0.097874,1.7205,0.0973,14.9465,
PC2,data\pilot_latents_synth3,0,0.50,8,20,2.042504,0.151734,2.0440,0.1509,23.0835,
PC2,data\pilot_latents_synth3,0,0.50,16,20,1.874935,0.132657,1.8705,0.1325,31.2825,
PC2,data\pilot_latents_synth3,0,0.50,32,20,1.850792,0.151052,1.8575,0.1505,44.4915,
PC2,data\pilot_latents_synth3,0,0.50,64,20,2.233962,0.228417,2.4535,0.2834,54.3805,
PC2,data\pilot_latents_synth3,0,0.50,128,20,3.161079,0.344360,3.5605,0.4882,51.2805,
PC2,data\pilot_latents_synth3,0,0.50,200,20,4.180059,0.435127,4.4660,0.5121,45.7290,
PC2,data\pilot_latents_synth3,0,1.00,1,20,1.281279,0.067175,1.2830,0.0667,8.9675,
PC2,data\pilot_latents_synth3,0,1.00,2,20,1.136440,0.071229,1.1380,0.0706,10.5175,
PC2,data\pilot_latents_synth3,0,1.00,4,20,1.219251,0.068361,1.2195,0.0681,14.9465,
PC2,data\pilot_latents_synth3,0,1.00,8,20,1.457494,0.106461,1.4570,0.1057,23.0835,
PC2,data\pilot_latents_synth3,0,1.00,16,20,1.344505,0.092879,1.3400,0.0927,31.2825,
PC2,data\pilot_latents_synth3,0,1.00,32,20,1.319308,0.097232,1.3260,0.0979,44.4915,
PC2,data\pilot_latents_synth3,0,1.00,64,20,1.533690,0.138222,1.7335,0.1852,54.3805,
PC2,data\pilot_latents_synth3,0,1.00,128,20,2.146032,0.227537,2.4505,0.3087,51.2805,
PC2,data\pilot_latents_synth3,0,1.00,200,20,2.816676,0.302420,3.0855,0.3094,45.7290,
synth3-struct,data\pilot_latents_synth3,1,0.10,1,20,1.483835,0.051585,1.4885,0.0517,9.6325,
synth3-struct,data\pilot_latents_synth3,1,0.10,2,20,1.252642,0.051045,1.2680,0.0500,11.3005,
synth3-struct,data\pilot_latents_synth3,1,0.10,4,20,1.313922,0.081699,1.3300,0.0805,15.8610,
synth3-struct,data\pilot_latents_synth3,1,0.10,8,20,1.520058,0.084603,1.5380,0.0843,22.1180,
synth3-struct,data\pilot_latents_synth3,1,0.10,16,20,1.548341,0.089322,1.5705,0.0881,26.1300,
synth3-struct,data\pilot_latents_synth3,1,0.10,32,20,1.238954,0.061457,1.2685,0.0592,26.5560,
synth3-struct,data\pilot_latents_synth3,1,0.10,64,20,0.998429,0.050623,1.0385,0.0490,30.4910,
synth3-struct,data\pilot_latents_synth3,1,0.10,128,20,0.703071,0.034795,0.7580,0.0347,27.6580,
synth3-struct,data\pilot_latents_synth3,1,0.10,200,20,0.767292,0.043168,0.8305,0.0401,27.7765,
synth3-struct,data\pilot_latents_synth3,1,0.50,1,20,0.944768,0.036647,0.9485,0.0368,9.6325,
synth3-struct,data\pilot_latents_synth3,1,0.50,2,20,0.838252,0.036739,0.8490,0.0363,11.3005,
synth3-struct,data\pilot_latents_synth3,1,0.50,4,20,0.905651,0.054870,0.9165,0.0543,15.8610,
synth3-struct,data\pilot_latents_synth3,1,0.50,8,20,1.058469,0.063348,1.0685,0.0628,22.1180,
synth3-struct,data\pilot_latents_synth3,1,0.50,16,20,1.066922,0.062627,1.0785,0.0615,26.1300,
synth3-struct,data\pilot_latents_synth3,1,0.50,32,20,0.925421,0.051053,0.9475,0.0475,26.5560,
synth3-struct,data\pilot_latents_synth3,1,0.50,64,20,0.820554,0.039865,0.8565,0.0383,30.4910,
synth3-struct,data\pilot_latents_synth3,1,0.50,128,20,0.630653,0.029160,0.6790,0.0299,27.6580,
synth3-struct,data\pilot_latents_synth3,1,0.50,200,20,0.685853,0.035321,0.7240,0.0347,27.7765,
synth3-struct,data\pilot_latents_synth3,1,1.00,1,20,0.731066,0.030239,0.7330,0.0299,9.6325,
synth3-struct,data\pilot_latents_synth3,1,1.00,2,20,0.654951,0.029994,0.6625,0.0298,11.3005,
synth3-struct,data\pilot_latents_synth3,1,1.00,4,20,0.715647,0.043812,0.7240,0.0431,15.8610,
synth3-struct,data\pilot_latents_synth3,1,1.00,8,20,0.836566,0.052772,0.8440,0.0521,22.1180,
synth3-struct,data\pilot_latents_synth3,1,1.00,16,20,0.839541,0.049995,0.8470,0.0493,26.1300,
synth3-struct,data\pilot_latents_synth3,1,1.00,32,20,0.755732,0.044294,0.7740,0.0405,26.5560,
synth3-struct,data\pilot_latents_synth3,1,1.00,64,20,0.700131,0.033159,0.7335,0.0322,30.4910,
synth3-struct,data\pilot_latents_synth3,1,1.00,128,20,0.571846,0.024817,0.6100,0.0255,27.6580,
synth3-struct,data\pilot_latents_synth3,1,1.00,200,20,0.622011,0.032799,0.6520,0.0314,27.7765,
