kind,row,tau,value,extra
main_tau1,shuf,1.0,0.023117,0.019
main_tau1,p25,1.0,0.015406,-0.045
main_tau1,p50,1.0,0.024856,-0.131
main_tau1,p75,1.0,0.081848,0.163
main_tau1,real,1.0,0.089631,0.91
main_tau1,real-struct,1.0,0.156493,
main_tau1,s3p10,1.0,0.142133,0.685
main_tau1,s3p15,1.0,0.145003,2.161
main_tau1,s3p20,1.0,0.184936,2.435
main_tau1,s3p25,1.0,0.270098,6.813
main_tau1,s3p50,1.0,0.464836,13.993
main_tau1,s3p75,1.0,0.667618,22.053
main_tau1,s3p90,1.0,1.059601,26.837
main_tau1,PC2,1.0,1.281279,
main_tau1,synth3-struct,1.0,0.731066,
dose,s3p10,0.1,0.272724,0.1
dose,s3p10,0.5,0.180941,0.1
dose,s3p10,1.0,0.142133,0.1
dose,s3p15,0.1,0.28995,0.15
dose,s3p15,0.5,0.186767,0.15
dose,s3p15,1.0,0.145003,0.15
dose,s3p20,0.1,0.3868,0.2
dose,s3p20,0.5,0.240808,0.2
dose,s3p20,1.0,0.184936,0.2
dose,s3p25,0.1,0.469691,0.25
dose,s3p25,0.5,0.335051,0.25
dose,s3p25,1.0,0.270098,0.25
dose,s3p50,0.1,0.767891,0.5
dose,s3p50,0.5,0.568812,0.5
dose,s3p50,1.0,0.464836,0.5
dose,s3p75,0.1,1.243462,0.75
dose,s3p75,0.5,0.843776,0.75
dose,s3p75,1.0,0.667618,0.75
dose,s3p90,0.1,2.546075,0.9
dose,s3p90,0.5,1.414909,0.9
dose,s3p90,1.0,1.059601,0.9
