row,family,tau,t,DB_mean,DB_se,AB_mean,AB_se,D_mean,x
shuf,real,0.1,1,0.072386,0.008073,0.0730,0.0081,0.3265,0.019000
shuf,real,0.1,200,0.127798,0.038177,0.3305,0.0316,17.7315,0.019000
shuf,real,0.5,1,0.032615,0.003541,0.0340,0.0034,0.3265,0.019000
shuf,real,0.5,200,0.122411,0.040905,0.3780,0.0300,17.7315,0.019000
shuf,real,1.0,1,0.023117,0.002491,0.0240,0.0026,0.3265,0.019000
shuf,real,1.0,200,0.116974,0.040182,0.4665,0.0206,17.7315,0.019000
p25,real,0.1,1,0.048406,0.004143,0.0495,0.0040,0.3255,-0.045000
p25,real,0.1,200,0.147718,0.032297,0.3350,0.0283,19.4835,-0.045000
p25,real,0.5,1,0.021761,0.001809,0.0235,0.0015,0.3255,-0.045000
p25,real,0.5,200,0.133356,0.033841,0.4405,0.0240,19.4835,-0.045000
p25,real,1.0,1,0.015406,0.001272,0.0160,0.0011,0.3255,-0.045000
p25,real,1.0,200,0.126758,0.035435,0.5445,0.0164,19.4835,-0.045000
p50,real,0.1,1,0.075554,0.005902,0.0770,0.0056,0.5755,-0.131000
p50,real,0.1,200,0.216522,0.066516,0.5980,0.0278,34.8970,-0.131000
p50,real,0.5,1,0.034726,0.002344,0.0395,0.0031,0.5755,-0.131000
p50,real,0.5,200,0.204280,0.069546,0.6540,0.0246,34.8970,-0.131000
p50,real,1.0,1,0.024856,0.001602,0.0290,0.0028,0.5755,-0.131000
p50,real,1.0,200,0.192114,0.071376,0.7355,0.0165,34.8970,-0.131000
p75,real,0.1,1,0.258765,0.027095,0.2615,0.0263,1.0145,0.163000
p75,real,0.1,200,0.330607,0.066314,0.6930,0.0278,40.4505,0.163000
p75,real,0.5,1,0.115729,0.012081,0.1195,0.0116,1.0145,0.163000
p75,real,0.5,200,0.282452,0.063890,0.7530,0.0253,40.4505,0.163000
p75,real,1.0,1,0.081848,0.008541,0.0860,0.0079,1.0145,0.163000
p75,real,1.0,200,0.258950,0.065249,0.7820,0.0226,40.4505,0.163000
real,real,0.1,1,0.279156,0.027932,0.2845,0.0265,1.5735,0.910000
real,real,0.1,200,0.383816,0.055190,0.7815,0.0222,50.5720,0.910000
real,real,0.5,1,0.126356,0.011985,0.1315,0.0112,1.5735,0.910000
real,real,0.5,200,0.330741,0.060882,0.8130,0.0208,50.5720,0.910000
real,real,1.0,1,0.089631,0.008373,0.0930,0.0076,1.5735,0.910000
real,real,1.0,200,0.301306,0.063577,0.8130,0.0164,50.5720,0.910000
s3p10,synth3,0.1,1,0.272724,0.015949,0.3685,0.0257,1.6240,0.685000
s3p10,synth3,0.1,200,0.306349,0.048601,0.3995,0.0331,26.0475,0.685000
s3p10,synth3,0.5,1,0.180941,0.009487,0.2460,0.0157,1.6240,0.685000
s3p10,synth3,0.5,200,0.245877,0.046551,0.3080,0.0282,26.0475,0.685000
s3p10,synth3,1.0,1,0.142133,0.007201,0.1940,0.0119,1.6240,0.685000
s3p10,synth3,1.0,200,0.225893,0.048134,0.2645,0.0232,26.0475,0.685000
s3p15,synth3,0.1,1,0.289950,0.022055,0.3710,0.0220,1.6915,2.161000
s3p15,synth3,0.1,200,0.236853,0.043987,0.5040,0.0433,28.5150,2.161000
s3p15,synth3,0.5,1,0.186767,0.013547,0.2405,0.0141,1.6915,2.161000
s3p15,synth3,0.5,200,0.187964,0.041826,0.4130,0.0415,28.5150,2.161000
s3p15,synth3,1.0,1,0.145003,0.010504,0.1880,0.0112,1.6915,2.161000
s3p15,synth3,1.0,200,0.168558,0.041398,0.3440,0.0347,28.5150,2.161000
s3p20,synth3,0.1,1,0.386800,0.022172,0.5015,0.0221,2.2850,2.435000
s3p20,synth3,0.1,200,0.287772,0.023617,0.5180,0.0370,15.8105,2.435000
s3p20,synth3,0.5,1,0.240808,0.012762,0.3145,0.0121,2.2850,2.435000
s3p20,synth3,0.5,200,0.215751,0.014581,0.4180,0.0287,15.8105,2.435000
s3p20,synth3,1.0,1,0.184936,0.009912,0.2450,0.0094,2.2850,2.435000
s3p20,synth3,1.0,200,0.185143,0.014218,0.3395,0.0146,15.8105,2.435000
s3p25,synth3,0.1,1,0.469691,0.031430,0.5550,0.0281,3.1355,6.813000
s3p25,synth3,0.1,200,0.330595,0.041292,0.6680,0.0334,27.0565,6.813000
s3p25,synth3,0.5,1,0.335051,0.022525,0.3955,0.0196,3.1355,6.813000
s3p25,synth3,0.5,200,0.271778,0.042445,0.5480,0.0303,27.0565,6.813000
s3p25,synth3,1.0,1,0.270098,0.018495,0.3200,0.0159,3.1355,6.813000
s3p25,synth3,1.0,200,0.246440,0.048229,0.4900,0.0259,27.0565,6.813000
s3p50,synth3,0.1,1,0.767891,0.044758,0.8065,0.0394,4.9940,13.993000
s3p50,synth3,0.1,200,0.547792,0.036168,0.9365,0.0557,36.2085,13.993000
s3p50,synth3,0.5,1,0.568812,0.033492,0.5975,0.0292,4.9940,13.993000
s3p50,synth3,0.5,200,0.460510,0.031347,0.8280,0.0555,36.2085,13.993000
s3p50,synth3,1.0,1,0.464836,0.028735,0.4885,0.0254,4.9940,13.993000
s3p50,synth3,1.0,200,0.398619,0.028159,0.6910,0.0356,36.2085,13.993000
s3p75,synth3,0.1,1,1.243462,0.082662,1.2480,0.0834,6.8350,22.053000
s3p75,synth3,0.1,200,1.042869,0.084874,1.3435,0.0830,29.6080,22.053000
s3p75,synth3,0.5,1,0.843776,0.055176,0.8475,0.0553,6.8350,22.053000
s3p75,synth3,0.5,200,0.895574,0.078789,1.1600,0.0878,29.6080,22.053000
s3p75,synth3,1.0,1,0.667618,0.044041,0.6705,0.0442,6.8350,22.053000
s3p75,synth3,1.0,200,0.794016,0.069061,1.0440,0.0686,29.6080,22.053000
s3p90,synth3,0.1,1,2.546075,0.197717,2.5980,0.2003,8.4795,26.837000
s3p90,synth3,0.1,200,2.395845,0.530854,2.1255,0.2091,55.3700,26.837000
s3p90,synth3,0.5,1,1.414909,0.094684,1.4445,0.0963,8.4795,26.837000
s3p90,synth3,0.5,200,1.939381,0.424081,1.6670,0.1258,55.3700,26.837000
s3p90,synth3,1.0,1,1.059601,0.067951,1.0815,0.0691,8.4795,26.837000
s3p90,synth3,1.0,200,1.777489,0.479330,1.4210,0.1049,55.3700,26.837000
PC2,synth3,0.1,1,4.023642,0.223340,4.0265,0.2215,8.9675,
PC2,synth3,0.1,200,9.552012,0.961383,9.1900,0.8954,45.7290,
PC2,synth3,0.5,1,1.809592,0.095894,1.8110,0.0953,8.9675,
PC2,synth3,0.5,200,4.180059,0.435127,4.4660,0.5121,45.7290,
PC2,synth3,1.0,1,1.281279,0.067175,1.2830,0.0667,8.9675,
PC2,synth3,1.0,200,2.816676,0.302420,3.0855,0.3094,45.7290,
real-struct,real,0.1,1,0.472895,0.043034,0.4745,0.0428,3.1145,
real-struct,real,0.1,200,0.669005,0.048195,0.8985,0.0162,82.4380,
real-struct,real,0.5,1,0.219193,0.020093,0.2220,0.0197,3.1145,
real-struct,real,0.5,200,0.659446,0.047790,0.8870,0.0156,82.4380,
real-struct,real,1.0,1,0.156493,0.014435,0.1610,0.0136,3.1145,
real-struct,real,1.0,200,0.636136,0.049702,0.9060,0.0120,82.4380,
synth3-struct,synth3,0.1,1,1.483835,0.051585,1.4885,0.0517,9.6325,
synth3-struct,synth3,0.1,200,0.767292,0.043168,0.8305,0.0401,27.7765,
synth3-struct,synth3,0.5,1,0.944768,0.036647,0.9485,0.0368,9.6325,
synth3-struct,synth3,0.5,200,0.685853,0.035321,0.7240,0.0347,27.7765,
synth3-struct,synth3,1.0,1,0.731066,0.030239,0.7330,0.0299,9.6325,
synth3-struct,synth3,1.0,200,0.622011,0.032799,0.6520,0.0314,27.7765,
