row,x,n,DoverB_mean,se,sd,median,cv_pct
shuf,0.547,20,0.023117,0.002491,0.011141,0.025428,48.2
p25,0.489,20,0.015406,0.001272,0.005688,0.014967,36.9
p50,0.361,20,0.024856,0.001602,0.007165,0.025860,28.8
p75,1.153,20,0.081848,0.008541,0.038196,0.089206,46.7
real,1.475,20,0.089631,0.008373,0.037443,0.094956,41.8
real-struct,-,20,0.156493,0.014435,0.064556,0.162231,41.3
s3p10,0.042,20,0.142133,0.007201,0.032205,0.133071,22.7
s3p15,0.520,20,0.145003,0.010504,0.046975,0.127109,32.4
s3p20,-0.180,20,0.184936,0.009912,0.044326,0.178577,24.0
s3p25,5.774,20,0.270098,0.018495,0.082714,0.264012,30.6
s3p50,12.705,20,0.464836,0.028735,0.128507,0.447299,27.6
s3p75,19.567,20,0.667618,0.044041,0.196957,0.671468,29.5
s3p90,24.321,20,1.059601,0.067951,0.303888,1.033205,28.7
PC2,-,20,1.281279,0.067175,0.300415,1.329857,23.4
synth3-struct,-,20,0.731066,0.030239,0.135232,0.735970,18.5
